Participant ID,hd12_1_db_e_before_walk,hd12_2_db_e_before_car,hd1_1_db_a_approach_walk,hd2_1_db_a_toy_family,hd2_2_db_a_food_approach_family,hd1_2_db_a_delivery,hd2_3_db_a_food_take_family,hd5_1_db_a_dog_approach,hd1_3_db_a_stranger_yard,hd5_2_db_a_dog_growled_at,hd7_1_db_a_food_familiar_dog,hd7_2_db_a_toy_familiar_dog,hd3_1_db_f_approach_stranger,hd4_1_db_f_noise,hd3_2_db_f_unfamiliar_touch,hd4_2_db_f_strange_objects,hd6_1_db_f_strange_dog,hd4_3_db_f_strange_situations,hd6_2_db_f_strange_dog_growl,hd13_1_db_f_nails_family,hd13_2_db_f_bath_family,hd8_1_db_s_agitation,hd8_2_db_s_bark,hd8_3_db_s_scratching,hd9_2_db_at_follow,hd9_1_db_at_sit_close,hd10_2_db_td_sit,hd10_3_db_td_stay,hd10_1_db_td_distracted,hd11_1_db_m_chase_bird,hd11_2_db_m_chase_squirrel,hd11_3_db_m_escape,hmisc_1_db_m_chew,hmisc_2_db_m_pull,hmisc_3_db_m_urine_object,hmisc_4_db_m_urine_alone,hmisc_5_db_m_defecate_alone,hd14_1_db_m_hyperactive,hd14_2_db_m_playful,hd14_3_db_m_active,hmisc_6_db_m_chase_tail,hmisc_7_db_m_bark,cd10_1_tra1,cd10_2_tra2,cd10_3_tra3,tra4,tra5,tra6,tra7,tra8,cd1_1_agg10,cd1_1_agg11,cd2_1_agg13,cd2_2_agg17,cd1_2_agg18,cd2_3_agg19,cd1_3_agg20,cd5_1_agg23,cd5_1_agg24,cd5_2_agg29,cd7_1_agg34,cd7_2_agg35,cd3_1_fear36,cd3_1_fear37,cd4_1_fear38,cd3_2_fear40,cd4_2_fear42,cd6_1_fear45,cd6_1_fear46,cd4_3_fear47,cd13_1_fear49,cd13_2_fear50,cd6_2_fear53,cd8_1_sep_56,cd8_2_sep_57,cd8_2_sep_58,cd8_3_sep_60,cd12_1_exc_65,cd12_2_exc_66,cd9_2_att_69,cd9_1_att_70,cd11_1_mis_75,cd11_2_mis_76,cd11_3_mis_77,cmisc_1_mis_80,cmisc_2_mis_85,cmisc_3_mis_86,cmisc_4_mis_88,cmisc_5_mis_89,cd14_1_mis_90,cd14_2_mis_91,cd14_3_mis_92,cmisc_6_mis_95,cmisc_7_mis_97,D1_Stranger_Agg_S,D2_Owner_Agg_S,D3_Stranger_Fear_S,D6_Dog_Fear_S,D8_Separation_Behav_S,D9_Attachment_S,D10_Trainability_S,D11_Chasing_S,D12_Excitability_S,D13_Touch_Sens_S,D14_Energy_S,D_Other_S,D4_Non_Social_Fear_S,D7_Dog_Rivalry_S,D5_Dog_Agg_S,D1_Stranger_Agg_L,D2_Owner_Agg_L,D3_Stranger_Fear_L,D4_Non_Social_Fear_L,D5_Dog_Agg_L,D6_Dog_Fear_L,D7_Dog_Rivalry_L,D8_Separation_Behav_L,D9_Attachment_L,D10_Trainability_L,D11_Chasing_L,D12_Excitability_L,D13_Touch_Sens_L,D14_Energy_L,D_Other_L,hd10_1_db_td_distracted_R,SHORT_D10_Trainability
101,4,4,2,0,0,1,0,3,1,2,1,0,2,2,2,1,2,1,3,1,1,1,2,1,4,4,2,1,2,3,3,1,1,3,0,3,3,0,1,2,0,2,3,0,2,3,4,2,2,2,2,1,0,0,1,0,1,1,1,2,1,0,1,2,3,0,0,2,1,0,1,1,2,1,0,2,0,4,4,4,4,3,3, ,1,4,0,3,3,2,2,2,1,4,1.333333333,0,2,2.5,1.333333333,4,1.666666667,2.333333333,4,1,1,1.714285714,1.333333333,0.5,2.5,1.111111111,0.5,1,0.714285714,1.166666667,1.5,0.5,0.375,2.833333333,2.25, ,3.166666667,0.666666667,2,2.285714286,2,1.666666667
102,2,2,0,0,0, ,0,1,1,1, , ,0,3,0,0,0,0, ,2,1,4,4,0,3,3,2,3,2,0, ,1,0,0,0,0,0,1,2,3,0,0,3,3,4,3,3,2,2,3,0,0,0,0,0,0,0,1,0, , , ,0,0,2,0,0,0,0,0,4,0, ,0,0,3,0,2,3,2,3,0,2,1,0,1,0,0,0,0,2,2,0,2, ,0,0, ,2.666666667,3,2.333333333, ,2,1.5,2,0,1, ,1,0, ,0, , , , , , ,2.875,1,2.666666667,1.333333333,1.333333333,0.428571429,2,2.333333333
103,4,4,2,0,0,2,0,0,2,0,0,0,2,3,2,2,0,2,0,0,1,0,2,1,4,2,4,2,4,4,4,2,0,2,0,0,0,0,2,2,0,2,3,4,2,2,3,1,0,2,0,0,0,0,1,0,1,0,0,0,0,0,1,1,2,1,1,0,0,0,0,0,1,0,3,3,1,4,4,4,2,0,2,0,1,1,0,0,0,1,3,3,0,4,2,0,2,0,1,3,3.333333333,3.333333333,4,0.5,1.333333333,0.571428571,2.333333333,0,0,0.666666667,0.2,1,0.857142857,0,0.25,0,1.25,1.833333333,2.125,0.666666667,3.166666667,0,2.333333333,0.857142857,0,2
104,3,2,1,0,0,2,0,2,2,2, , ,1,2,1,0,1,1,1,1,1,1,1,0,2,3,3,3,3,1,3,1,0,1,0,0,0,1,2,2,0,3,3,3,3,3,2,2,0,3,1,1,0,0,2,0,2,2,2,2, , ,1,1,2,1,1,2,1,1,1,1,2,1,1,1,0,3,3,2,2,2,2,1,1,1,0,0,0,1,2,2,2,3,1.666666667,0,1,1,0.666666667,2.5,3,1.666666667,2.5,1,1.666666667,0.571428571,1, ,2,1.333333333, ,1.25, , ,1.75, ,0.75,2.333333333,2.375,1.666666667,3.333333333,1,1.666666667,1,1,2.333333333
105,2,2,0,0,0,0,0,1,1,2, , ,0,0,0,0,0,1,0,4,4,0,0,0,4,4,4,4,2,3,4,0,0,0,0,0,0,0,2,2,0,1,4,4,4,4,4,4,2,4,1,0,0,0,0,0,1,1,1,4,0,0,0,0,0,0,0,0,0,0,0,0,0,2,2,2,0,0,0,4,4,3,3,0,1,0,0,0,0,0,2,2,0,3,0.333333333,0,0,0,0,4,3.333333333,2.333333333,2,4,1.333333333,0.142857143,0.333333333, ,1.5,0.666666667, ,0,0.142857143,1.666666667,0,0,1,2.666666667,3.75,2,1.166666667,0,1.333333333,0.571428571,2,3.333333333
106,2,2,0,0,0,0,0,0,0,0,0,0,0,0,0,0,0,0,0,0,0,1,2,0,3,3,4,4,1,2,2,0,0,0,0,1,1,0,0, ,0,0,3,3,3,4,3,3,3,2,1,1,0,0,1,0,2,1,1,1,0,0,1,1,0,1,0,1,1,0,1,0,1,0,2,2,0,4,4,4,4,1,2,0,0,0,0,2,2,0,0,0,0,2,0,0,0,0,1,3,3,1.333333333,2,0, ,0.285714286,0,0,0,1.111111111,0.2,1,0,1,1,0,1,3.333333333,3,1,4,0.666666667,0,0.857142857,3,3.666666667
107,0,0,0,0,0,0,0,0,0,0,0,0,0,0,0, ,0,0,0,0,0,0,0,0,1,3,4,1,3,0,0,1,1,2,0,0,0,0,0,0,0,0,3,4,3,4,3,4,2,0,0,0,0,0,1,0,0,0,0,0,0,0,0,0,0,0,0,0,0,1,0,0,1,0,0,0,0,0,0,0,2,0,0,0,0,1,0,0,0,0,1,1,0,0,0,0,0,0,0,2,2.666666667,0.333333333,0,0,0,0.428571429, ,0,0,0.333333333,0.2,0,0.142857143,0,0.25,0,0,0.666666667,2.875,0,0.166666667,0,0.666666667,0.142857143,1,2
108,2,1,2,0,0,2,0,0,1,0,0,1,4,0,4,2,0,3,0,0,0,0,1,0,3,3,4,3,1,1,2,0,0,1,0,0,0,3,3,4,4,3,3,4,3,4,4,3,3,3,2,1,0,0,2,0,1,0,0,1,0,0,4,1,0,4,0,0,0,3,0,0,0,0,2,2,0,2,2,3,3,1,2,0,0,2,0,0,0,3,4,4,3,3,1.666666667,0,4,0,0.333333333,3,2.666666667,1,1.5,0,3.333333333,1.142857143,1.666666667,0.5,0,1.555555556,0.4,3,0.714285714,0.166666667,0,0,0.5,2.166666667,3.375,1,2,0,3.666666667,1.142857143,3,3.333333333
109,2,2,0,0,0,0,0,1,1,1, , ,2,2,1,1,0,1,1,0,0,0,0,0,2,4,4,3,1,0,0,0,0,0,0,0,0,0,0,1,0,0,3,4,4,4,3,4,3,3,1,1,0,0,2,0,1,1,2,3, , ,2,1,4,2,0,0,0,1,2,0,0,0,0,0,0,0,1,3,4,3,4,0,0,0,0,0,0,0,1,1,0,0,0.333333333,0,1.5,0.5,0,3,2.666666667,0,2,0,0.333333333,0,1.333333333, ,1,1, ,1.25,1.571428571, ,0.25, ,0,2.166666667,3.5,2.333333333,1.333333333,1,0.666666667,0,3,3.333333333
110,3,1,0,0,0,0,0,1,1,2,3,3,0,4,1,0,1,1,3,2,2,0,0,0,1,2,3,3,2,3,4,1,0,1,0,0,0,0,3,3,0,2,3,3,3,4,3,3,2,4,0,0,0,0,0,0,1,0,0,2,1,1,1,0,1,1,0,1,1,0,2,1,1,0,0,0,0,0,2,1,2,2,4,3,1,0,0,0,0,0,2,2,0,1,0.333333333,0,0.5,2,0,1.5,2.666666667,2.666666667,2,2,2,0.428571429,1.666666667,3,1.5,0.222222222,0,0.5,0.857142857,0.833333333,1,1,0,0.833333333,3.125,3, ,1.333333333,1.333333333,0.285714286,2,2.666666667
111,3,1,0,0,0,1,0,0,1,1, , ,0,3,1,0,1,1,0,1,0,0,2,1,3,3,3,3,2,3,4,3,1,2,0,0,0,2,2,3,1,0,2,3,3,3,2,3,2,3,0,0,0,0,2,0,2,0,0,0,1,0,0,0,2,0,1,0,0,0,1,0,2,2,2,1,1,3,1,2,2,2,2,2,0,1,0,0,0,1,1,1,1,2,0.666666667,0,0.5,0.5,1,3,2.666666667,3.333333333,2,0.5,2.333333333,0.571428571,1.333333333, ,0.5,0.666666667,0.1,0,1,0.166666667,0.5,0.5,0.75,1.5,2.625,2,2.5,0.333333333,1,0.571428571,2,2.666666667
112,4,3,2,0,0,2,0,2,2,2, , ,1,1,3,0,1,1,2,2,1,1,1,1,2,2,3,2,2,0,4,0,0,4,0,0,0,2,1,1,0,1,3,3,2,3,3, ,1,4,1,1,0,0,2,0,1,1,1,1, , ,1,1,2,1,0,2,0,1,1,0,2,2,2,1,1, ,2,3,3,2,4,0,1,4,0,0,0,2,2,2,1,2,2,0,2,1.5,1,2,2.333333333,1.333333333,3.5,1.5,1.333333333,0.714285714,0.666666667, ,2, , ,1,0.714285714, ,1.5, ,1,1.5, ,2, ,0.666666667,2,1.142857143,2,2.333333333
113,2,3,1,0,0,1,0,2,1,1,1,1,0,0,1,0,1,0,1,0,0,0,0,0,1,2,0,0,2,2,2,0,0,0,0,0,0,0,1,1,0,1,3,0,3,3,4,4,2,0,1,1,0,0,1,0,0,1,1,1,0,0,0,0,0,0,0,0,0,0,0,0,0,0,0,0,0,1,1,1,2,0,1,1,0,0,0,0,0,0,1,1,0,0,1,0,0.5,1,0,1.5,0.666666667,1.333333333,2.5,0,0.666666667,0.142857143,0,1,1.5,0.666666667,0,0,0,0.5,0,0,0,1.166666667,2.375,0.666666667,1.333333333,0.333333333,0.666666667,0,2,0.666666667
114,2,3,1,2,0,2,1,3,2,4, ,2,0,3,0,1,1,2,0,2,1,0,0,0,3,3,3,3,2,2,3,1,1,2,0,0,0,1,2,2,0,2,3,2,3,2,1,3,1,3,1,0,0,0,3,0,0,2,1,4,2,2,0,0,3,0,1,0,0,0,2,1,0,1,0,1,0,1,0,3,2,1,4,1,1,1,0,0,0,0,2,2,0,2,1.666666667,1,0,0.5,0,3,2.666666667,2,2.5,1.5,1.666666667,0.714285714,2, ,3.5,0.888888889,0.5,0.25,1.857142857,1.666666667,0,2,0.375,1.833333333,2.25,2,2,1.333333333,1.333333333,0.571428571,2,2.666666667
115,2,2,0,0,0,1,0,0,1,0,0,0,3,2,3,1,0,1,2,0,0,4,4,4,4,4,3,1,2,0,0,0,2,2,0,0,3,2,4,3,2,1,4,4,2,3,3,3,1,1,1,0,0,0,1,0,0,0,0,0,0,0,4,4,2,4,0,0,0,1,0,0,4,4,4,4,4,0,1,4,4,0,0,0,0,1,0,0,3,4,4,4,2,2,0.666666667,0,3,1,4,4,2,0,2,0,3,1.428571429,1.333333333,0,0,0.555555556,0,3,0.571428571,0,1,0,3.375,3,2.625,0,2.333333333,0,4,1.142857143,2,2
116,2,2,1,0,0,2,0,1,2,2,2,2,0,1,0,1,0,1,1,0,0,0,0,0,4,3,3,3,2,3,4,2,1,1,0,0,0,0,2,2,0,2,2,3,3,3,2,3,2,2,0,0,0,0,2,0,2,0,0,1,2,1,0,0,1,0,1,0,0,0,0,0,0,1,1,1,0,1,1,4,4,3,4,3,1,1,0,0,0,0,2,2,0,1,1.666666667,0,0,0.5,0,3.5,2.666666667,3,2,0,1.333333333,0.571428571,1,2,1.5,0.666666667,0.2,0,0.428571429,0.5,0,1.5,0.375,3,2.5,3.333333333,1.666666667,0,1.333333333,0.428571429,2,2.666666667
117,4,3,0,0,0,1,0,1,1,2, , ,1,2,0,2,1,1,3,1,1,1,0,0,3,2,4,4,2,1,3,1,0,1,0,0,0,0,3,2,0,3,3,4,4,3,3,4,2,4,0,0,0,0,2,0,1,1,1,2, , ,1,1,3,1,2,2,2,1,0,0,2,0,1,0,0,4,3,3,2,1,3,1,0,1,0,0,0,1,2,2,0,3,0.666666667,0,0.5,2,0.333333333,2.5,3.333333333,1.666666667,3.5,1,1.666666667,0.571428571,1.666666667, ,1.5,0.444444444,0,0.75,1.857142857,1,1.75, ,0.125,1.333333333,3.375,1.666666667,3.166666667,0,1.666666667,0.571428571,2,3.333333333
118,1,1,0,0,0,0,0,0,0,1, , ,0,0,0,0,0,1,0,1,1,0,1,0,4,4,4,3,2,0,1,1,0,1,0,0,0,0,1,1,0,0,3,4,3,3,4,3,3,3,0,0,0,0,0,0, ,0,0,0, , ,0,0,1,0,0,0,0,0,0,0,0,0,0,0,0,1,1,3,3, ,3,1,0,1,0,0,0,0,1,1,0,0,0,0,0,0,0.333333333,4,3,0.666666667,1,1,0.666666667,0.142857143,0.333333333, ,0.5, , ,0,0.428571429, , , ,0, ,3.25, ,0.333333333,0,0.666666667,0.142857143,2,3
119,3,3,1,0,0,1,0,1,0,1, , ,0,1,1,0,1,1,1,4,1,0,1,0,3,3,3,2,2,1,2,0,1,3,0,0,0,0,2,2,1,1,2,3,2,3,3,3,2,4,1,0,0,0,1,0,1, , ,1, , ,0,0,1,0,1,0,0,0,2,0,1,0,2,2,1,3,3,3,3,2,3, ,1,2,0,0,0,0,3,2,1,3,0.666666667,0,0.5,1,0.333333333,3,2.333333333,1,3,2.5,1.333333333,0.857142857,0.666666667, ,1,0.777777778, ,0,0.571428571, , , ,0.875, ,2.75, ,2.666666667,0.666666667,1.666666667,1,2,2.333333333
120,1,2,0,0,0,0,0,1,0,1, , ,0,2,0,0,0,1,0,2,2,2,3,0,2,3,3,3,3,2,4,1,0,2,0,0,0,1,2,2,0,2, ,4,3,3,1,1,2,3,1,0,1,0,1,0, ,1,1,1,2,2,0,0,1,0,0,0,0,0,2,2,0,2,3,2,0,2,0,3,3,1,4, ,0,2,0,0,0,0,3,1,0,1,0,0,0,0,1.666666667,2.5,3,2.333333333,1.5,2,1.666666667,0.571428571,1, ,1, ,0.2,0,1,0.833333333,0,2,1.25,1.5, , ,1.333333333,1.333333333,1.333333333,0.428571429,1,2.333333333
121,3,2,0,0,0,1,0,1,1,2,2,1,0,2,0,0,0,2,0,1,2,0,0,0,3,0,2,0,3,4,4,2,0,2,0,0,0,0,2,1,0,3,2,2,0,1,1,3,1,3,0,0,0,0,1,0,1,2,2,2,4,4,0,0,3,0,0,0,0,0,0,0,0,0,0,0,0,2,1,4,0,3,3,0,0,2,0,0,0,0,2,2,0,2,0.666666667,0,0,0,0,1.5,1.666666667,3.333333333,2.5,1.5,1,0.714285714,1.333333333,1.5,1.5,0.333333333,0,0,1.285714286,1.833333333,0,4,0,1.166666667,1.625,2,2,0,1.333333333,0.571428571,1,1
122,4,4,2,0,0,2,0,2,2,3,0,0,2,4,3,0,3,2,3,1,0,2,2,0,2,3,4,2,1,4,4,1,0,3,0,0,0,0,3,2,0,3,1,4,2,3,3,3,0,4,2,2,0,0,2,0,2,2,2,2,0,0,2,2,3,2,2,3,3,2,1,0,3,2,2,0,0,4,3,2,3,3,4,3,0,3,0,0,0,0,3,2,0,4,2,0,2.5,3,1.333333333,2.5,2.333333333,3,4,0.5,1.666666667,0.857142857,2,0,2.5,1.444444444,0.2,2,1.714285714,1.666666667,3,0,0.5,1.666666667,2.5,3.333333333,3.166666667,0.333333333,1.666666667,1,3,3
123,3,3,0,0,0,0,0,2,1,2,0,1,1,4,1,1,2,1,2,1,1,1,1,1,4,3,3,3,2,1,4,3,0,2,0,2,1,1,2,2,0,1,3,4,3,4,3,3,2,2,0,0,0,0,0,0,1,2,3,3,0,0,0,0,2,1,1,2,2,1,1,1,4,0,0,0,1,3,3,4,3,4,4,3,0,2,0,2,2,2,1,2,0,2,0.333333333,0,1,2,1,3.5,2.666666667,2.666666667,3,1,1.666666667,0.857142857,2,0.5,2,0.222222222,0.1,0.25,1.428571429,2.666666667,2.5,0,0.125,2.333333333,3,3.666666667,2.166666667,0.666666667,1.666666667,1.142857143,2,2.666666667
124,2,3,0,0,0,1,0,1,0,2, , ,0,0,0,0,0,0,0,1,1,0,2,1,1,2,3,0,2,0,4,0,0,2,0,0,0,0,0,0,0,0,3,3, ,2, ,3,1,1,0,0,0,0,1,0,0,0,0,2, , ,0,0,0,0,0,1,0,0,1,2,0,1,1,0,0,0,0,1,2,0,4,0,0,2,0,0,0,0,1,1,0,0,0.333333333,0,0,0,1,1.5,1.666666667,1.333333333,2.5,1,0,0.285714286,0, ,1.5, , ,0,0, ,0.25, ,0.25,1.333333333, ,1.333333333, ,1,0.666666667,0.285714286,2,1.666666667
125,2,2,0,0,0,1,0,2,1,4,0,0,1,0,0,0,3,0,4,2,0,1,1,0,2,3,4,4,1,3,4,0,0,1,0,0,0,2,4,4,0,1,4,4,3,4,4,4,2,4,0,0,0,0,2,0,2,3,3,3,0,0,0,0,0,0,0,2,2,0,2,0,2,1,1,2,0,2,1,3,3,2,3,0,0,1,0,0,0,2,4,4,0,1,0.666666667,0,0.5,3.5,0.666666667,2.5,3,2.333333333,2,1,3.333333333,0.285714286,0,0,3,0.555555556,0.4,0.25,0.142857143,1.833333333,1.75,0,0.75,2.166666667,3.625,1.666666667,1.5,0.666666667,3.333333333,0.285714286,3,3.666666667
126,3,3,0,0,0,2,0,1,2,4,2,1,0,2,0,0,1,2,2,4,2,0,0,0,4,4,3,3,4,4,4,4,2,4,0,0,0,0,2,2,0,2,2,2,2,4,1,1,1,1,0,0,0,0,2,0,2,0,0,3,2,2,0,0,2,0,1,0,0,2,4,2,0,0,0,0,1,4,4,2,3,4,4,4,1,2,0,0,0,0,2,2,0,3,1.333333333,0,0,1.5,0,4,3.333333333,4,3,3,1.333333333,1.142857143,1.333333333,1.5,2.5,0.666666667,0,0,1.571428571,0.5,0,2,0.125,2.666666667,1.75,4,2.833333333,2,1.333333333,0.857142857,0,2
127,3,2,0,0,0,0,0,0,0,2,0,0,0,1,0,1,0,1,2,1,0,1,1,2,2,2,3,3,1,1,3,2,1,0,0,0,0,0,2,2,0,1,3,3,3,3,3,4,3,4,0,0,0,0,0,0,0,0,0,2,0,0,0,0,2,0,1,1,0,1,1,0,2,0,2,2,0,2,2,3,3,2,3,2,1,1,0,0,0,1,3,3,0,2,0,0,0,1,1.333333333,2,2.333333333,2,2.5,0.5,1.333333333,0.285714286,1,0,1,0,0,0,1,0.5,0.75,0,0.875,2.5,3.25,2.333333333,2,0.333333333,2.333333333,0.571428571,3,3
128,2,1,0,0,0,1,0,1,1,1, , ,0,2,0,0,1,0,2,0,0, ,1,0,3,3,4,3,1,2,3,0,0,2,0,0,0,0,0,1,0,0,4,4,3,3,4,3,3,0,0,0,0,0,0,0,1,0,0,0, , ,0,0,1,0,0,0,0,0, ,0,0,1,1,2,0,1,1, ,3,3,3, ,0,2, ,0,0,0,2,1,0,1,0.666666667,0,0,1.5, ,3,2.666666667,1.666666667,1.5,0,0.333333333,0.285714286,0.666666667, ,1, , ,0,0.571428571, ,0, ,0.625, ,3, , , ,1, ,3,3.333333333
129,1,1,0,0,0,1,0,0,1,0,0,0,1,2,0,1,1,1,3,0,0,0,0,0,3,3,3,3,2,2,3,0,1,0,0,0,0,0,1,0,0,0,3,3,2,2,4,3,2,1,0,0,0,0,1,0,1,0,0,0,0,0,1,0,1,0,1,1,0,1,0,0,2,0,0,0,0,1,1,3,3,2,4,0,0,0,0,0,0,0,0,1,0,0,0.666666667,0,0.5,2,0,3,2.666666667,1.666666667,1,0,0.333333333,0.142857143,1.333333333,0,0,0.444444444,0.1,0.25, ,0.333333333,1,0,0,1.833333333,2.5,2,1,0,0.333333333,0,2,2.666666667
130,3,2,0,0,0,2,0,0,0,1, ,0,0,0,0,1,0,0,0,1,0,0,0,0,3,3,4,4,1,2,4,1,0,1,0,0,0,0,3,2,0,2,2,4,3,4,3,4,3,4,0,0,0,0,2,0,1,0,0,1,0,0,0,0,1,0,1,0,0,0,1,0,1,0,0,0,0,2,1,3,3,3,4,1,0,0,0,0,0,0,2,2,0,1,0.666666667,0,0,0,0,3,3,2.333333333,2.5,0.5,1.666666667,0.428571429,0.333333333, ,0.5,0.555555556,0.1,0,0.428571429,0.5,0.25,0,0.375,1.666666667,3.375,2.666666667,1.833333333,0.333333333,1.333333333,0.142857143,3,3.666666667
131,2,2,0,1,0,1,0,1,0,1, , ,1,3,1,1,1,0,1,1,2,2,3,0,3,3,2,2,1,1,2,0,0,1,0,0,0,1,2,2,0,2,4,2,2,3,2,1,3,3,1,1,0,0,2,0,1,2,1,2, ,1,2,2,4,2,2,2,0,0, ,2,2,2,2,4,0,2,2,4,3,2,3,0,0,1,0,0,0,1,3,2,0,4,0.333333333,0.333333333,1,1,1.666666667,3,1.666666667,1,2,1.5,1.666666667,0.428571429,1.333333333, ,1,1, ,2,2.428571429,1.166666667,1.5, ,1.125,3.5,2.5,1.666666667,2.5, ,2,0.714285714,3,2.333333333
132,3,4,0,0,0,1,0,0,0,0,0,0,4,4,4,3,2,4,3,0,0,0,0,0,2,3,3,2,2,2,3,0,0,0,0,0,0,1,3,2,1,3,3,2,2,4,3,2,2,2,0,0,0,0,0,0,0,0,0,0,0,0,4,4,4,4,3,3,3,3,0,0,4,0,0,0,0,4,4,3,4,3,4,0,0,1,0,0,0,1,3,2,0,4,0.333333333,0,4,2.5,0,2.5,2.333333333,1.666666667,3.5,0,2,0.571428571,3.666666667,0,0,0,0,4,3,0.333333333,2.75,0,0,2.833333333,2.5,2.333333333,3.5,0,2,0.714285714,2,2.333333333
133,3,3,3,1,0,2,0,3,1,2, , ,3,4,3,1,2,2,1,2,1,1,3,1,2,3,3,2,4,1,4,3,1,2,0,0,0,1,2,3,0,2,2,4,2,2,3,4,0,3,1,1,0,0,2,0,1,2,2,3, , ,2,2,2,3,0,1,1,2,3,1,2,1,2,0,0,4,2,2,3,2,4,3,1,2,0,0,0,1,2,3,0,2,2,0.333333333,3,1.5,1.666666667,2.5,3,2.666666667,3,1.5,2,0.714285714,2.333333333, ,2.5,1.222222222, ,2.25,1.714285714, ,1.5, ,0.625, ,2.5,3,2.833333333,1.333333333,2,0.714285714,0,1.666666667
134,2,2,1,0,0,0,0,1,0,2,0,0,0,4,1,0,1,0,1,2,0,0,0,0,1,3,3,1,3,2,4,2,3,2,0,0,1,0,1,1,0,0,2,3, ,2,3,3,0,2,1,0,0,0,1,0,0,1,1,3,0,1,1,0,3,1,0,0,0,0,1,1,0,0,1,1,2,3,3,2,2,1,4,2,2,2,0,0,0,1,1,1,0,3,0.333333333,0,0.5,1,0,2,2.333333333,2.666666667,2,1,0.666666667,0.857142857,1.333333333,0,1.5,0.333333333,0.2,0.75,1.285714286,1.5,0,0.5,0.75,2.166666667, ,2.333333333,2,0.666666667,1,1,1,1.666666667
135,2,1,0,0,0,0,0,0,0,0,0,0,0,1,0,0,0,1,0,0,0,0,1,0,1,2,3,2,2,0,0,1,1,2,0,3,0,0,2,1,1,0,2,3,2,4,3,0,3,3,0,0,0,0,0,0,0,0,0,0, , ,0,0,2,0,0,0,0,3, ,0,0,0,0,0,0,3,1,4,1,0,0,1,0,1,0,2,0,0,2,0,1,0,0,0,0,0,0.333333333,1.5,2.333333333,0.333333333,1.5,0,1,1,0.666666667,0,0,0,0,0,1, ,0, ,0,1.833333333,2.5,0.333333333,1.333333333, ,0.666666667,0.571428571,2,2.333333333
136,2,2,0,0,0,0,0,0,2,1, , ,0,3,0,2,0,3,1,2,2,2,1,0,2,2,4,2,1,2,4,3,0,0,0,0,0,1,2,1,0,3,2,3,2,3,3,3,1,4,0,0,0,0,1,0, ,0,0,0, , ,0,0,2,0,1,1,0,3,3,1,1,0,1,0,1,0,0,2,2,1,3,3,0,1,0,0,0,0,2,1,0,3,0.666666667,0,0,0.5,1,2,2.333333333,3,2,2,1.333333333,0.428571429,2.666666667, ,0.5, , ,0,1.714285714, ,0.5, , , ,2.625,2.333333333,2,1.333333333,1,0.571428571,3,3
137,3,2,0,0,0,1,0,3,2,4,0,1,0,1,0,1,4,1,4,0,0,0,0,0,4,3,3,2,2,1,2,3,0,1,0,0,0,1,3,3,0,3,2,3,3,2,2,3,0,4,0,1,0,0,1,0,1,2,2,2,0,0,0,2,0,0,1,2,1,0,1,1,2,0,0,0,0,1,1,2,3,2,3,3,1,2,0,0,0,1,3,2,0,2,1,0,0,4,0,3.5,2.333333333,2,2.5,0,2.333333333,0.571428571,1,0.5,3.5,0.666666667,0,0.5,0.428571429,1.5,1.25,0,0,1.833333333,2.375,2.666666667,2,1,2,0.714285714,2,2.333333333
138,2,3,1,0,0,1, ,1,1,1,0,0,2,4,1,2,1,3,2,3,1,2,2,0,1,2,3,3,3,4,4,1,0,1,0,0,0,1,1,1,0,1,3,3,3,2,4,2,0,2,2,2,0,0,1,0,1,2,2,2,0,0,2,2,3,1,1,2,1,3,1,1,3,0,1,1,0,1,2,1,1,3,4,2,0,2,0,0,0,0,2,1,0,1,1, ,1.5,1.5,1.333333333,1.5,3,3,2.5,2,1,0.285714286,3,0,1, ,0,1.5,1.857142857,1.333333333,1.75,0,0.25, ,2.375,3, ,1,1,0.428571429,1,2.333333333
139,2,2,0,0,0,0,0,0,0,1, , ,0,0,0,0,0,0,1,1,0,0,0,0,1,1,4,3,2,0,1,0,1,1,0,0,0,0,1,0,0,1,3,4,3,3,4,2,2,2,0,0,0,0,0,0,0,0,0,0, , ,0,0,0,0,1,0,0,1,1,0,0,0,0,0,0,0,1,1,0,1,1,1,1,1,0,0,0,0,1,1,0,1,0,0,0,0.5,0,1,3,0.333333333,2,0.5,0.333333333,0.428571429,0, ,0.5,0, ,0,0.428571429, ,0, ,0,0.166666667,2.875,1,0.666666667,0.333333333,0.666666667,0.428571429,2,3
140,2,3,0,0,0,1,0,1,1,2,0,0,0,2,0,0,1,1,1,2,0,0,0,0,4,4,3,3,1,0,3,3,1,2,0,0,0,1,0,2,0,2,3,3,3,3, ,3,2,1,0,0,0,0, ,0,1,1,1,2,0,1,1,1,2,1,0,1,1,1,1,0,2,0,0,0,0,1,1,4,4,1,2,1,0,2,0,0,0,2,2,2,0,2,0.666666667,0,0,1,0,4,2.333333333,2,2.5,1,1,0.714285714,1,0,1.5, ,0,1,1, , ,0.5,0,2.666666667, ,1.333333333,2.333333333,0.333333333,2,0.571428571,3,3
141,3,3,0,1,0,0,0,2,1,1,0,1,0,2,0,1,1,1,1,2,0,1, ,1,3,3,3,3,1,0,2,2,1,1,0,0,0,0,2,1,1,0,2,3,1,2,1,1,1,4,0,0,1,1,0,0,0,2,0,2,1,1,0,0,1,0,1,0,0,1,2,0,0,1,1,1,1,1,1,3,3,2,3,3,2,2,0,0,0,2,2,2,2,1,0.333333333,0.333333333,0,1, ,3,2.333333333,1.333333333,3,1,1,0.428571429,1.333333333,0.5,1.5,0.222222222,0.4,0,0.857142857,1.333333333,0,1,0.75,2.666666667,1.875,2.666666667,1,0.666666667,2,1,3,3
142,3,4,1,1,0,4,0,4,1,4, , ,0,1,0,1,0,1,0,0,1,0,0,0,1,3,4,3,3,4,4,3,0,1,0,0,0,2,1,2,0,3,2,4,3,2,0,3,1,2,1,2,1,0,4,0,1,4,4,4, , ,1,2,1,2,2,0,0,2,0,2,0,0,0,0,0,2,3,2,2,1,3,2,0,0,0,0,0,0,2,2,0,2,2,0.333333333,0,0,0,2,3.333333333,3.666666667,3.5,0.5,1.666666667,0.571428571,1, ,4,1.333333333, ,1.25,1.857142857, , , ,0,1.333333333,2.125,2,3.166666667,0.666666667,1.333333333,0.285714286,1,2.666666667
143,0,0,0,0,0,0,0,0,0,0,0,0,0,0,0,0,0,0,0,0,0,0,0,0,1,1,4,4,0,0,0,0,0,0,0,0, ,0,2,2,0,0,2,4,2,4,4,4,4,4,0,0,0,0,0,0,0,0,0,1, ,0,0,0,0,0,0,0,0,0,0,0,0,0,2,2,0,0,0,0,0,4,4,0,0,0,0,0,0,0,0,0,0,0,0,0,0,0,0,1,2.666666667,0,0,0,1.333333333, ,0,0,0,0,0,0,0, ,0, ,0.5,0,3.5,2.666666667,0.5,0,0,0,4,4
144,3,3,0,0,0,0,0,1,0,2, , ,0,1,0,0,1,0,2,2,1,0,0,0,3,3,4,3,2,4,4,0,0,1,0,0,0,0,0,1,0,0,3,4,3,3,3,3,2,1,0,0,0,0,0,0,0,1,1,2, , ,0,0,1,0,0,0,0,0,1,1,0,0,0,0,0,3,3,3,3,4,4,0,0,1,0,0,0,0,0,0,0,0,0,0,0,1.5,0,3,3,2.666666667,3,1.5,0.333333333,0.142857143,0.333333333, ,1.5,0, ,0,0.285714286, ,0, ,0,2.333333333,2.75,2.666666667,2.166666667,0.666666667,0,0.142857143,2,3
145,3,4,0,0,0, ,0,1,2,3, , ,1,0,0,0,1,2,3, ,2,0,0,0,1,0,1,1,3,1,3,2,1,1,0,0,0,0,2,1,0,0, ,1,3, , , ,2,0,0,0,0,0,0,0,2,1,1,3, , ,0,0, ,1,1,1,1,2,3,1,2,0,0,0,0,1,4,1,0,0,3,2,1,1,0,0,0,1,1,1,0,0, ,0,0.5,2,0,0.5,1.666666667,2,3.5, ,1,0.285714286,0.666666667, ,2, , ,0.25, , ,1.25, ,0,0.833333333, ,1.666666667, ,1.333333333,1,0.285714286,1,1
146,3,2,3,1,0,4,0,4,4,3,0,1,1,3,1,1,1,1,2,0,0,1,1,0,2,4,3,3,2,1,3,1,0,1,1,0,0,1,2,1,0,2,3,4,3,3,3,2,2,0,1,0,0,0,2,0,2,1,1,0,0,1,1,1,3,1,0,1,0,1, ,1,3,2,2,1,0,2,1,3,3,1,2,1,1,2,1,0,0,1,2,2,0,2,3.666666667,0.333333333,1,1.5,0.666666667,3,2.666666667,1.666666667,2.5,0,1.333333333,0.571428571,1.666666667,0.5,3.5,0.777777778,0.2,0.75,1.142857143,0.5,1,0.5,0.875,2.166666667,2.5,1.333333333,2, ,1.666666667,0.857142857,2,2.666666667
147,1,1,0,0,0,1,0,1,1,2,0,0,0,0,0,0,0,2,0,0,0,0,0,0,4,4,2,2,3,0,3,3,1,1,0,0,0,0,1,1,0,0,2,2,2,2,2,3,1,1,0,0,0,0,1,0,1,1,1,3,0,0,0,0,1,0,1,0,0,2,0,0,0,0,0,0,0,0,0,4,4,0,4,4,0,2,0,0,0,1,2,2,0,2,0.666666667,0,0,0,0,4,2.333333333,2,1,0,0.666666667,0.285714286,0.666666667,0,1.5, ,0.2,0,0.857142857,1.5,0,0,0,2.166666667,1.875,2.666666667,0.833333333,0,1.666666667,0.571428571,1,1.666666667
148,2,2,0,0,0,0,0,0,0,0, , ,2,4,2,1,2,1,4,1,1,1,1,0,4,4,3,2,3,3,3,0,0,2,0,1,0,1,2,1,0,0,3,2,2,3,3,1,2,0,0,0,0,0,0,0,0,0,0,0,0,0,2,2,3,3,1,3,2,1,1,0,4,1,0,0,0,2,2,4,4,2,3,1,0,2,0,1,0,0,1,1,0,0,0,0,2,3,0.666666667,4,2.666666667,2,2,1,1.333333333,0.428571429,2, ,0,0,0,2.25,1.714285714,0,2.5,0,0.125,2.833333333,2,2,2.5,0.333333333,0.666666667,0.428571429,1,2
149,2,2,0,0,0,0,0,3,0,3,3,0,0,0,0,0,2,1,2, ,0,0,0,0,4,4,0,0,4,0,4,0,0,2,0,0,0,0,3,2,0,0, , , , ,3,3,2,1,0,0,0,0,0,0,0,2,2,1,0,0,0,0, ,0,0,3,3,0, ,0,4,0,0,0,0,2,2,3,3,0,4,1,0,1,1,0,0,0,2,3,0,0,0,0,0,2,0,4,1.333333333,1.333333333,2, ,1.666666667,0.285714286,0.333333333,1.5,3,0,0,0, , ,2.75,0,0, , ,1.666666667, , ,1.666666667,0.285714286,0,0
150,4,1,1,0,0,1,0,2,2,2, ,0,0,2,0,0,1,0,0,1,1,0,0,0,4,3,3,3,3,4,4,2,0,3,0,0,0,2,3,4,0,3,3,3,3,3,2,3,2,3,1,1,0,0,1,0,1,1,1,1,0,0,0,0,2,0,0,1,0,0,1,1,0,0,0,0,0,4,1,4,3,3,3,2,1,2,0,0,0,2,3,4,0,3,1.333333333,0,0,0.5,0,3.5,3,3.333333333,2.5,1,3,0.857142857,0.666666667, ,2,0.666666667,0.1,0,0.714285714,0.666666667,0.25,0,0,2.666666667,2.75,2.666666667,2.5,0.666666667,3,0.857142857,1,2.333333333
151,0,2,0,0,0,2,0,1,1,2, , ,0,4,0,1,1,1,2,0,1,2,2,0,3,3,3,2,1,2,4,1,0,1,0,0,0,0,1,2,0,4,2,3,3,2,1,3,2,0,0,0,0,0,1,0,1,1,1,3, , ,1,1,4,1,1,2,0,1,0,2,3,2,2,2,0,2,2,2,3,1,4,1,1,1,0,0,0,0,2,3,0,4,1,0,0,1.5,1.333333333,3,2,2.333333333,1,0.5,1,0.714285714,2, ,1.5,0.333333333, ,1,2, ,1.5, ,0.75,1.833333333,2,2,2,0.666666667,1.666666667,0.857142857,3,2.666666667
152,4,4,0,1,0,2,0,3,0,1,2, ,2,0,2,3,4,2,4,2,2,4,0,0,4,4,3,2,2,3,4,0,0,4,0,1,1,4,3,3,0,0,4,3,3,3,4,2,1,4,1,1,2,0,0,0,2,2,2,4, , ,2,2,0,2,2,2,2,4,4,4,2,4,0,0,0,4,4,4,4,1,3,0,0,3,0,0,0,2,3,3,0,0,0.666666667,0.333333333,2,4,1.333333333,4,2.333333333,2.333333333,4,2,3.333333333,0.857142857,1.666666667, ,2,0.888888889, ,1.5,1.428571429, ,2, ,1.5,3.666666667,3,1.333333333, ,3,2.666666667,0.428571429,2,2.333333333
153,2,3,0,1,0,1,0,0,3,0,0,0,0,0,0,1,1,0,0,0,0,0,1,0,3,3,3,2,3,4,4,2,0,0,2,0,0,0,2,3,1,3,3,3,2,4,3,3,0,3,0,0,0,0,0,0,1, , , ,0,0,0,0,0,0,0,0,0,0,0,0, ,0,0,0,0,0,4,3,2,4,4,1,0,0,1,0,0,0,2,3,0,0,1.333333333,0.333333333,0,0.5,0.333333333,3,2.666666667,3.333333333,2.5,0,1.666666667,0.857142857,0.333333333,0,0,0.222222222,0,0,0, , ,0,0,1.333333333,2.625,3,2,0,1.666666667,0.142857143,1,2
154,2,4,1,1,0,3,1,2,0,2,0,0,1,2,2,0,0,1,0,1,1,0,1,0,3,3,3,2,2,1,2,0,1,1,0,0,0,0,2,2,2,2,3,3,3,4,3,3,2,1,1,1,1,0,3,1,2,1,1,3,0,1,1,1,2,1,0,3,0,1,1,0,2,0,0,2,0,1,2,2,3,2,3,1,0,1,0,0,0,1,2,2,1,3,1.333333333,0.666666667,1.5,0,0.333333333,3,2.333333333,1,3,1,1.333333333,0.857142857,1,0,2,1.333333333,0.7,1,1.428571429,1.166666667,1.5,0.5,0.25,2,2.75,2,2.166666667,0.333333333,1.666666667,0.714285714,2,2.333333333
155,2,2,0,0,0,0,0,1,0,3, , ,0,1,0,1,1,1,2,1,1,0,0,0,2,4,3,2,2,2,3,0,0,3,0,0,0,0,1,1,2,1,3,3,3,3,3,3,3,1,0,0,0,0,0,0,1,1,1,4,2,2,0,0,1,0,2,0,0,0,1,0,1,0,0,0,0,3,3,3,4,3,3,0,0,3,0,0,0,0,0,1,2,0,0,0,0,1.5,0,3,2.333333333,1.666666667,2,1,0.666666667,0.857142857,1, ,2,0.222222222,0.1,0, ,1.666666667,0.25,2,0,2.166666667,2.75,2,2.333333333,0.333333333,0.333333333,0.714285714,2,2.333333333
156,3,3,0,0,0,0,0,0,0,0,0,0,3,1,3,1,3,1,4,1,0,0,2,0,4,4,3,2,1,1,3,0,1,1,0,0,0,0,2,1,0,2,3,3,3,4,4,4,2,4,1,1,0,0,1,0,1,3,3,3,1,1,3,3,1,4,1,4,2,1,0,0,4,2,3,1,0,2,3,4,4,1,3,0,2,2,0,0,0,1,2,2,0,2,0,0,3,3.5,0.666666667,4,2,1.333333333,3,0.5,1,0.571428571,1,0,0,1.333333333,0.1,3.25,1.285714286,2,3.25,1,1,2.666666667,3.375,1.333333333,2.166666667,0,1.666666667,0.857142857,3,2.666666667
157,2,2,0,0,0,1,0,1,1,2, , ,1,1,1,0,1,1,1,0,0,0,0,0,3,1,4,4,1,0,4,2,0,1,0,0,0,0,1,1,0,1,4,4,3,4,1,3,2,2,1,0,0,0,2,0,2,1,1,2,1,1,1,0,1,1,1,1,1,1,0,0,0,2,1,1,0,2,2,2,1,0,4,3,0,2,0,0,0,0,2,3,0,2,0.666666667,0,1,1,0,2,3,2,2,0,0.666666667,0.285714286,0.666666667, ,1.5,1.111111111,0.3,0.75,0.714285714,1.166666667, ,1,0.5,1.166666667,2.875,2.333333333,2,0,1.666666667,0.571428571,3,3.666666667
158,2,2,0,0,0,0,0,1,0,1, , ,0,0,0,0,1,0,1,0,1,3,3,3,4,4,3,2,4,2,3,2,4,4,0,0,0,1,3,3,0,3,2,1,1,4,1, ,2,4,0,0,0,0,0,0,1,1,1,0,0,0,0,0,2,0,0,0,0,0,0,1,1,0,2,1,0,2,2,3,3,3,3,4,2,3,0,0,0,0,3,3,1,2,0,0,0,1,3,4,3,2.333333333,2,0.5,2.333333333,1.571428571,0, ,1, ,0,0, , ,0.25,0,0.5,2.166666667, ,3.333333333, ,0.333333333,2,1.142857143,0,1.666666667
159,1,2,0,0,0,0,0,1,0,1, , ,1,4,2,0,1,4,1,0,0,1,1,0,4,4,3,2,1,1,3,1,1,2,1,0,0,0,1,1,0,0,4,3,2,4,4,3,3,1,0,0,0,0,0,0,0,0,0,0,0,0,1,0,3,1,1,0,0,4,0,0,2,0,0,0,0,2,1,4,4,1,4,1,1,2,1,0,0,0,1,1,0,0,0,0,1.5,1,0.666666667,4,2,1.666666667,1.5,0,0.666666667,0.571428571,2.666666667, ,1,0,0.1,1,2.428571429,0.166666667,0.5,0,0,3.166666667,3,2, ,0,0.666666667,0.571428571,3,2.666666667
160,3,3,2,0,1,2,1,2,2,2,0,0,2,2,1,1,2,2,2,1,1,0,2,1,3,3,1,1,3,3,3,2,2,2,1,1,1,1,3,2,2,3,2,2,2,2,2,2,1,3,1,1,0,0,1,0,1,1,1,2,0,0,1,1,1,0,1,2,2,1,0,0,1,1,2,2,1,3,3,3,3,3,3,2,1,2,1,1,0,2,2,1,2,2,2,0.666666667,1.5,2,1,3,1.666666667,2.666666667,3,1,2,1.714285714,1.666666667,0,2,0.777777778,0,0.75,1,1.166666667,1.5,0,1.25,2.333333333,2,2.666666667,3,0,1.666666667,1.285714286,1,1
161,2,2,0,0,0,1,0,0,1,2,2,1,1,0,1,0,0,1,2,3,1,0,0,0,4,4,2,1,3,4,4,4,1,1,0,0,0,3,4,4,2,4,3,2,2,2,0,1,0,4,0,0,0,0,1,0,0,0,0,2,1,1,1,1,0,1,1,0,0,1,2,0,0,0,1,0,2,3,3,4,3,4,4,3,1,0,1,0,0,2,4,4,1,3,0.666666667,0,1,1,0,4,2,4,2,2,3.666666667,1.142857143,0.333333333,1.5,1,0.111111111,0,0.75,0.571428571,1,0,1,0.375,2.333333333,1.75,3.666666667,3,0.666666667,3.333333333,0.857142857,1,1.333333333
162,3,2,4,1,0,1,0,2,0,3,1,2,2,4,4,0,2,1,4,4,4,0,0,0,0,0,4,0,4,4,4,1,1,0,0,0,1,0,3,2,0,1,1,4,1,3,3,4,1,4,0,3,0,0,1,0,0,2,2,4,0,3,0,0,4,0,0,0,0,0,2,0,0,0,1,0,0,3,3,2,3,4,4,2,1,1,0,1,1,0,3,3,0,1,1.666666667,0.333333333,3,3,0,0,2.666666667,3,2.5,4,1.666666667,0.428571429,1.666666667,1.5,2.5,2.111111111,0.2,0,1.714285714, ,0.25,1.5,0.25,2.166666667,2.625,3.333333333,2.5,1,2,0.714285714,0,1.333333333
163,3,3,0,0,0,0,0,1,0,1,0,0,1,4,1,0,1,0, ,0,0,0,2,0,3,3,3,2,1,3,4,0,0,0,0,0,0,0,2,2,0,3,2,3,2,3, , ,2,4,0,0,0,0,1,0,1,1,0,1, , ,0,0,4,0,1,0,0,0, ,0,0,0,0,3,0,4,4,3,3,1,3,0,0,0,0,0,0,0,3,3,0,3,0,0,1, ,0.666666667,3,2,2.333333333,3,0,1.333333333,0.428571429,1.333333333,0,1,0.222222222, ,0,1.285714286, ,0, ,1.25,1.666666667, ,1.333333333,3.5, ,2,0.428571429,3,2.666666667
164,0,2,0,0,0,0,0,1,0,2, , ,0,0,0,2,2,2,2,0,2,0,0,0,2,3,4,4,3,0,2,1,1,1,0,1,0,0,2,2,0,1,3,4,4,3,3,3,2,2,0,0,0,0, ,0,0,1,1,1, , ,0,0,0,0,0,0,0,0,0,0,0,0,0,0,0,0,0,2,3,1,2, ,1,1,0,1,0,0,2,2,0,2,0,0,0,2,0,2.5,3.666666667,1,1,1,1.333333333,0.571428571,1.333333333, ,1.5, , ,0,0, , , ,0,1.833333333,3, ,1.166666667,0,1.333333333,0.714285714,1,3
165,1,3,0,0,0,1,0,0,1,1, , ,1,1,1,1,2,2,2,3,3,0,1,0,3,4,3,2,2,1,3,0,0,1,0,0,0,0,2,1,0,3,2,4,3,4,4,4,2,4,0,0,0,0,1,0,1,0,0,2, ,0,1,1,1,1,2,1, ,2,3,2,3,0,0,0,0,0,1,2,3,2,3,0,0,1,0,0,0,1,2,1,0,2,0.666666667,0,1,2,0.333333333,3.5,2.333333333,1.333333333,2,3,1,0.571428571,1.333333333, ,0.5,0.222222222, ,0.75,1.428571429, , , ,0.375,1.833333333,3.375,1.666666667,1.5,2,1.333333333,0.428571429,2,2.333333333
166,0,2,0,0,0,0,0,0,0,0,0,0,0,0,0,0,0,0,0,4,4,0,2,0,4,3,0,0,2,0,0,3,0,0,0,3,3,0,0,0,0,0,2,1,0,4,3,1,3,2,0,0,0,0,0,0,0,0,0,0,0,0,0,0,0,0,0,0,0,2,4,4, ,0,2,0,0,0,0,4,4,0,0,3,0,0,2,0,2,0,1,1,0,1,0,0,0,0,0.666666667,3.5,0.666666667,1,1,4,0,0.857142857,0,0,0,0,0.1,0,1.285714286,0.166666667, ,0,0.75,2.166666667,2,1,0.666666667,3.666666667,0.666666667,0.714285714,2,0.666666667
167,2,2,2,0,0,4,0,3,2,4,0,0,2,2,3,2,4,2,4,2,1,2,3,3,4,3,3,3,3,4,4,1,1,2,0,0,0,1,2,2,0,0,3,2,3,3,0,2,1,4,1,1,0,0,4,0,2,4,4,4,0,0,3,3,3,3,1,2,2,2,1,1,2,1, , ,2,1,0,4,2,4,4,1,0,2,0,0,0,2,2,1,1,0,2.666666667,0,2.5,4,2.666666667,3.5,3,3,2,1.5,1.666666667,0.428571429,2,0,3.5,1.888888889,0.5,2.75, ,3.166666667,2,0, , ,2.25,3,1.666666667,0.666666667,1.666666667,0.428571429,1,2.333333333
168,2,2,1,0,0,1,0,3,1,4, , ,1,3,1,2,3,3,3,1,1,1,0,0,4,3,3,3,2,3,4,1,0,2,0,0,0,0,0,0,0,0,3,3,3,3,3,3,0,3,2, ,0,0,1,0,2,4,4,4, , ,1, ,2,2,1,4,4,4,1,1,4,1,0,0,0,3,2,4,4,3,4,1,0,2,0,0,0,0,1,1,0,0,1,0,1,3,0.333333333,3.5,2.666666667,2.666666667,2,1,0,0.285714286,2.666666667, ,3.5, , , , ,3.333333333,3.25, ,0.125,2.333333333,2.625,2.666666667,1.833333333,0.666666667,0.666666667,0.285714286,2,2.666666667
169,4,3,1,0,0,2,0,3,2,3,0,0,0,1,0,0,0,0,0,1,1,0,0,0,0,0,3,2,1,0,2,0,0,3,0,0,0,0,0,0,0,0,1,4,3,4,4,2,1,1,0,0,0,0,2,0,2,2,2,4,0,0,0,0,2,0,0,0,0,1,2,2,0,1,0,2,0,3,3,1,3,0,0,0,0,3,0,0,0,0,1,0,0,0,1.666666667,0,0,0,0,0,2,0.666666667,3.5,1,0,0.428571429,0.333333333,0,3,1.111111111,0.2,0,0.714285714,1.833333333,0,0,0.375,1.666666667,2.5,0,2.666666667,1.333333333,0.333333333,0.428571429,3,2.666666667
170,2,2,0,0,0,0,0,0,0,0,0,0,0,0,0,0,0,0,0,0,0,0,0,0,0,2,3,3,2,0,3,0,0,0,0,0,0,0,1,0,0,1,4,3,3,3,4,3,3,1,0,0,0,0,0,0,0,0,0,0,0,0,0,0,0,0,0,0,0,0,0,0,0,0,0,0,0,2,2,1,1,1,3,0,1,0,0,0,0,0,1,1,0,0,0,0,0,0,0,1,2.666666667,1,2,0,0.333333333,0.142857143,0,0,0,0,0,0,0,0,0,0,0.25,1.166666667,3,1.333333333,1.833333333,0,0.666666667,0.142857143,2,2.666666667
171,3,1,0,0,0,0,0,0,0,0,0,0,0,0,0,0,0,0,0,2,1,0,1,2,2,2,3,2,3,0,3,0,3,2,0,0,0,1,3,3,0,2,3,3,1,4,1,2,2,3,0,0,0,0,0,0,0,0,0, ,0,0,0,0,1,0,1,0,0,1,1,1, ,1,1,1,1,3,2,3,3,2,4,1,2,3,0,0,0,1,3,3,0,2,0,0,0,0,1,2,2.666666667,1,2,1.5,2.333333333,1,0,0,0,0,0,0, , , ,0,0.625,2,2.375,2.333333333,1.833333333,1,2.333333333,1,1,2
172,2,3,1,0,0,1,0,0,1,2,0,0,1,0,2,0,1,1,1,4,2,1,1,1,2,3,3,3,2,2,4,1,0,1,0,1,1,0,2,1,0,1,3,3,3,2,3,3,2,3,1,1,0,0,1,0,1,0,0,2,0,0,2,1,0,1,0,1,1,0,2,1,2,1,1,1,0,1,2,3,3,2,4,1,0,1,0,1,1,0,2,1,0,1,1,0,1.5,1,1,2.5,2.666666667,2.333333333,2.5,3,1,0.571428571,0.333333333,0,1,1,0.3,1.25,0.285714286,0.833333333,1.25,0,0.625, ,2.75,2.333333333,1.666666667,1,1,0.571428571,2,2.666666667
173,2,0,0,0,0,0,0,0,0,0,0,0,0,0,1,0,0,1,1,3,0,2,2,0,3,2,3,3,2,2,4,1,0,0,0,0,0,0,0,0,0,3,3, ,3,3,4, ,2,4,0,0,0,0,1,0,1,0,0,1,0,0,0,0,0,0,0,0,0,0,2,0,1,0,0,0,0,2,1,2,3,2,3,0,0,0,0,0,0,0,0,0,0,3,0,0,0.5,0.5,1.333333333,2.5,2.666666667,2.333333333,1,1.5,0,0.428571429,0.333333333,0,0,0.333333333,0.1,0,0.857142857,0.166666667,0.25,0,0,1.166666667, ,1.666666667,1.166666667,0.666666667,0,0.428571429,2,2.666666667
174,2,2,0,0,0,1,0,1,2,2,0,0,0,0,0,1,0,1,0,0,0,0,0,0,4,3,3,1,3,3,3,0,0,3,0,0,1,0,3,2,0,1,3,3,1,4,3,3,1,3,0,0,0,0,1,0,1,1,1,2,0,0,0,0,0,0,1,1,0,0, ,1,1,1,0,1,0,2,2,4,3,2,2,0,1,3,1,0,1,0,3,2,0,2,1,0,0,0,0,3.5,2.333333333,2,2,0,1.666666667,0.714285714,0.666666667,0,1.5,0.333333333,0.1,0.25,0.142857143, , ,0,0.25,2.5,2.625,1.333333333,2.166666667, ,1.666666667,1.142857143,1,1.666666667
175,4,4,0,0,0,2,0,0,1,1,0,0,0,0,0,0,1,0,1,0,0,0,0,0,1,2,3,2,4,1,4,4,0,3,0,0,0,2,3,2,1,2,2,3,2,2,0,2,0,3,0,0,0,0,1,0,1,0,0,1,0,0,0, ,0,0,0,0,0,0, ,0,2,0,0,2,0,4,4,0,2,2,4,4,1,4,0,0,0,0,2,2,0,3,1,0,0,1,0,1.5,3,3,4,0,2.333333333,0.857142857,0,0,0.5,0.333333333,0, ,0,0.833333333, ,0,0.375,1.166666667,1.75,3.333333333, , ,1.333333333,1.142857143,0,1.666666667
176,2,3,0,0,0,2,0,1,2,3,3,2,1,2,0,0,0,1,1,2,2,1,2,0,2,3,3,1,3,4,4,3,1,3,0,0,0,1,2,2,0,0,2,3,0,3,3,3,2,3,0,0,0,0,3,0,3, , , ,1,1, , ,1,0,0, , ,1,1,1, ,0,1,0,1,1,2,1,2,4,4,1,0,3,0,0,0,0,1,1,0,3,1.333333333,0,0.5,0.5,1,2.5,2.333333333,3.666666667,2.5,2,1.666666667,0.571428571,1,2.5,2, ,0.4, ,0.857142857, , ,1,0.25,1.5,2.375,3,2.333333333,1,0.666666667,0.857142857,1,1.666666667
177,3,3,0,1,0,0,0,0,0,0,0,0,1,0,1,0,0,1,1,2,1,0,2,0,3,2,2,2,1,1,1,4,0,1,0,3,3,2,1,1,0,4,3,1,3,3,3, ,2,4,0,0,1,0,0,0,0,0,0,1,1,1,1,1,0,1,0,1,0,1,0,1,0,0,0,1,0,3,3,3,2,0,1,4,0,2,2,2,2,1,1,1,0,4,0,0.333333333,1,0.5,0.666666667,2.5,1.666666667,2,3,1.5,1.333333333,1.571428571,0.333333333,0,0,0,0.2,0.75,0.571428571,0.166666667, ,1,0.125,1.666666667, ,1.666666667, ,0.333333333,1,1.714285714,3,2.333333333
178,2,2,0,0,0,1,0,1,1,1,1,0,1,2,1,0,2,2,3,4,4,0,0,0,2,1,4,4,2,2,4,0,0,0,0,0,0,1,1,2,0,2,2,4,4,4,2,4,2,3,1,0,0,0,1,0,2,1,1,2,0,0,0,0,2,0,0,0,0,1,1,0,0,2,1,0,0,2,2,2,3,1,4,0,0,1,0,0,0,2,4,3,0,3,0.666666667,0,1,2.5,0,1.5,3.333333333,2,2,4,1.333333333,0.285714286,1.333333333,0.5,1,1,0.3,0,0.857142857,1.166666667,0,0,0.5,1.833333333,3.125,1.666666667,1.833333333,0.333333333,3,0.571428571,2,3.333333333
179,2,2,0,0,0,1,0,0,1,0,0,0,0,4,0,2,0,1,1,0,0,2,0,0,2,2,4,4,2,4,4,2,1,2,0,0,0,0,1,0,1,0,4,4,4,4,4,3,2,3,0,0,0,0,1,0,1,0,0,0,0,0,0,0,4,0,3,1,0,0,0,0,3,2,2,0,0,2,2,2,2,4,4,1,1,1,0,0,0,1,2,1,2,0,0.666666667,0,0,0.5,0.666666667,2,3.333333333,3.333333333,2,0,0.333333333,0.571428571,2.333333333,0,0,0.333333333,0.1,0,2.285714286,0.166666667,1,0,1,1.666666667,3.5,3,2.5,0,1.333333333,0.571428571,2,3.333333333
180,3,2,1,0,0,0,0,0,2,2,1,1,4,2,4,2,1,2,2,1,1,1,2,0,3,3,4,4,3,0,2,0,1,3,0,0,0,0,2,1,0,3,1,4,3,4, ,3,2,3,1,0,0,0,1,0,2,0,0,3,0,0,4,1,1,4,0,3,1,3,0,0,3,0,2,2,0,3,2,3,2, ,1,2,2,2,0,0,0,0,3,3,0,4,1,0,4,1.5,1,3,3.666666667,0.666666667,2.5,1,1,1,2,1,1, ,0.2,3.25, ,0.833333333,2,0,0.625,2, , ,2.833333333,0,2,1.142857143,1,3
181,3,3,0,0,0,0,0,2,0,4,0,0,3,1,1,0,3,1,4,0,0,0,0,0,4,4,4,4,1,0,1,0,0,4,0,0,0,0,1,4,0,2,4,4,3,4,4,2,3,4,0,0,0,0,1,0,0,2,2,2,0,0,1,1,0,1,0,2,2,1,1,0,2,0,0,1,0,1,1,4,4,0,0,0,0,4,0,0,0,0,1,4,0,2,0,0,2,3.5,0,4,3,0.333333333,3,0,1.666666667,0.857142857,0.666666667,0,3,0.111111111,0,1,0.285714286,1.666666667,2,0,0.125,3,3.5,0,0.833333333,0.333333333,1.666666667,0.857142857,3,3.666666667
182,1,2,0,0,0,0,0,0,0,0,0,0,0,1,0,1,2,0,3,1,0,0,0,0,4,4,4,3,2,4,4,1,0,0,0,0,0,0,2,2,2,0,3,3,4,4,4,3,3,4,0,0,0,0,0,0,0,0,0,1,0,0,0,0,1,0,1,2,1,1,1,0,2,0,2,0,0,0,0,4,4,3,4,1,0,0,0,0,0,0,2,2,1,1,0,0,0,2.5,0,4,3,3,1.5,0.5,1.333333333,0.285714286,0.666666667,0,0,0,0,0,1.142857143,0.333333333,1.75,0,0.75,2.666666667,3.5,2.666666667,1.5,0.333333333,1.333333333,0.285714286,2,3
183,2,2,0,0,0,1,0,1,0,1,0,0,2,2,2,1,1,3,0,3,2,0,0,0,4,4,2,0,4,4,4,0,0,4,0,0,0,0,3,2,2,0,2,2,2,4,1,1,2,4,0,0,0,0,2,0,0,0,0,1, ,0,1,0,3,3,3,0,0,2, ,2,0,1,1,0,0,1,1,4,4,4,4,2,2,3,0,0,0,2,3,3,2,0,0.333333333,0,2,0.5,0,4,2,2.666666667,2,2.5,1.666666667,0.857142857,2,0,1, , ,1, , , , ,0.25,4,2.25,3.333333333,1.166666667, ,2.666666667,1,0,0.666666667
184,1,1,0,0,0,1, ,1,2,3, , ,0,2,0,0,0, ,1, ,1,0,2,0,4,3,2,2,4,2,4,2,0,0,0,0,0,0,1,1,0,1,2,2,2,3,1,1,1,1,0,0,0,0,1, ,0,0,0,3, , ,0,0,1,0,1,0,0,0,1,1,0,2,1,0,0,1,0,3,3,1,4,2,0,1,0,0,0,0,1,1,0,1,1, ,0,0.5,0.666666667,3.5,2.666666667,2.666666667,1, ,0.666666667,0.142857143, , ,2,0.222222222, ,0,0.571428571, ,0, ,0.75, ,1.625,2.333333333, ,0.666666667,0.666666667,0.285714286,0,1.333333333
185,1,2,0,0,0,0,0,1,0,2, , ,0,0,1,0,1,0,1,0,0,0,0,0,3,3,3,2,2,0,1,0,1,3,0,0,0,0,2,0,0,0, , , , , , , , , , , , , , , , , , , , , , , , , , , , , , , , , , , , , , , , , , , , , , , , , , , , ,0,0,0.5,1,0,3,2.333333333,0.333333333,1.5,0,0.666666667,0.571428571,0, ,1.5, , , , , , , , , , , , , , , ,2,2.333333333
186,1,2,0,0,1,1,1,0,1,1,1,1,1,1,0,1,1,0,1, ,0,0,3,0,4,3,0,0,2,0,0,2,1,0,0,0,0,0,1,1,0,1,2,0,0,4,2,2,2,1,0, ,1,1,1,1,1,0,0, ,2,1, , ,1,0,1,0,0,0, ,0, ,2,4,2,0,3,3,4,4,0,0,2,0,2,0,0,0,1,2,0,0,1,0.666666667,0.666666667,0.5,1,1,3.5,0.666666667,0.666666667,1.5, ,0.666666667,0.285714286,0.666666667,1,0.5, ,0.5, , , , ,1.5,1.25,2.333333333,1.625,0.666666667,2.666666667, ,1,0.428571429,2,0.666666667
187,2,3,0,0,0,0,0,0,0,0,2,2,0,2,0,0,0,0,0,2,2,0,0,0,2,3,2,2,3,0,3,2,0,1,0,0,0,0,0,0,0,2,3,2,3,1,1, ,3, ,0,0,0,0,0,0,0,0,0,0,1,1,0,0,0,0,0,0,0,1, ,1,0,0,0,0,0,1,3,2,2,1,1,2,0,1,0,0,0,1,1,0,0,3,0,0,0,0,0,2.5,2.333333333,1.666666667,2.5,2,0,0.428571429,0.666666667,2,0,0,0.1,0, ,0.333333333,0,1,0,1.666666667, ,1.333333333,2, ,0.666666667,0.571428571,1,1.666666667
188,3,3,1,0,0,2,0,2,2,3, , ,1,1,2,1,1,1,1, ,0,2,2,0,2,2,2,1,4,1,2,2,0,1,0,0,0,1,2,2,0,2,1,2,1,3,1,2,1,0,1,1,0,0,1,0,1,2,2,2, , ,1,1,1,1,1,1,0,1,1,0,1,2,0,2,0,4,4,3,2,1,2,2,0,1,0,0,0,1,2,2,0,1,1.666666667,0,1.5,1,1.333333333,2,2.333333333,1.666666667,3, ,1.666666667,0.428571429,1, ,2.5,1.111111111, ,1,0.714285714, ,0.75, ,0.5,2,1.375,1.666666667,3.333333333,0.666666667,1.666666667,0.285714286,0,1
189,2,3,1,0,0,2,0,1,2,3,0,0,2,4,2,0,2,2,2,4,4,0,4,1,4,3,4,4,2,2,4,1,0,2,0,0,0,0,2,0,0,4,4,4,3,4,4,3,1,3,1,1,0,0,3,0,3,2,1,3,0,0,2,2,3,2,1,2,2,2, ,4,3,0,0,4,0,2,2,4,4,3,4,1,0,1,0,0,0,0,2,1,0,3,1.666666667,0,2,2,1.666666667,3.5,3.333333333,2.333333333,2.5,4,0.666666667,0.857142857,2,0,2,1.333333333,0.3,1.5,2,1.833333333,2.5,0,0.5,3.333333333,3.25,2.666666667,2.833333333, ,1,0.571428571,2,3.333333333
190,2,3,0,0,0,1,0,1,1,0, , ,0,3,0,1,2,2,4,3,3,4,2,3,4,3,3,1,3,3,4,2,3,1,0,0,0,2,3,3,2,2,1,2,1,3,4,4,0,4,0,0,1,1,1,0,1,0,0,0, , ,1,1,3,0,1,3,1,3, ,2,4,3,3,0,2,1,1,4,3,3,4,2,3,2,0,0,0,3,4,4,1,1,0.666666667,0,0,3,3,3.5,2.333333333,3,2.5,3,2.666666667,1.142857143,2, ,0.5,0.333333333, ,0.5,2.571428571, ,2.25, ,1.75,3.166666667,2.375,3,2.5, ,3.666666667,1,1,1.666666667
191,1,1,0,0,0,0,0,0,0,0,1,0,0,0,0,0,1,0,1,3,3,0,1,1,2,3,0,1,3,4,4,4,1,2,0,0,0,0,1,2,0,0,2,0,0,3,2, ,1,2,0,0,0,0,0,0,0,0,0,1,1,0,0,0,0,0,0,0,0,0,2,2,1,0,1,0,0,2,2,2,3,3,4,4,1,2,0,0,0,0,2,2,0,0,0,0,0,1,0.666666667,2.5,1.333333333,4,1,3,1,0.428571429,0,0.5,0,0,0.3,0,0,0.666666667,0.5,0.5,0.125,2, ,3.666666667,1.5,1.666666667,1.333333333,0.428571429,1,0.666666667
192,4,4,0,2,1,1,3,1,0,3,1,1,0,0,1,0,2,1,3,2,1,2,2,0,4,4,2,2,4,0,0,1,1,2,0,1,1,1,2,3,0,3,3,2,1,1,3,3,2,1,0,3,3,0,0,4,0,3,3,4,2,3,0,0,0,0,0,0,0,0,0,1,0,2,0,2,0,4,1,4,4,0,0, ,0,1,1,0,0,0,0,2,0,4,0.333333333,2,0.5,2.5,1.333333333,4,2.666666667,0.333333333,4,1.5,2,1.142857143,0.333333333,1,2,0.777777778,1.3,0,0.142857143,2.5,0,2.5,0.75,2.833333333,2, ,2,0.333333333,0.666666667,0.857142857,0,1.333333333
193,4,3,1,0,0,1,0,2,1,4, , ,3,3,2,1,1,2,0,4,3,0,2,0,4,4,3,3,4,4,4,0,0,3,0,0,0,2,3,3,4,4,2,2,2,3,1,3,0,1,1,0,2,0, ,0, ,1,1,3, , ,3,2,3,3,2,1,1,3,4,2,0,0,0,0,0,4,0,4,3,4,4, ,1,4,0,0,0,2,3,3,4,4,1,0,2.5,0.5,0.666666667,4,3.333333333,2.666666667,3.5,3.5,2.666666667,1.571428571,2, ,3, , ,2.5,2.714285714, , , ,0.375,3.5,1.75, ,3.166666667,2.333333333,2.666666667,1.857142857,0,2
194,0,0, ,0,0,2,0,1,0,2, , ,0,3,0,0,1,1,1,0,3, ,0,0,0,0,4,4,3,1,1,1,0,0,0,0,0,0,0,0,0,0,3,4,3,3,4,4,3, ,0,0,0,0,1,0,0,0,0,1,0,0,0,0,1,0,0,0,0,0,0,1,0,0,0,0,0,0,0,0,1,0,1,1,0,0,0,0,0,0,0,0,0,0, ,0,0,1, ,0,3.666666667,1,0,1.5,0,0,1.333333333, ,1.5,0.222222222,0.1,0,0.428571429,0.166666667,0,0,0,0.833333333, ,0.666666667,0,0.666666667,0,0,1,3
195,1,1,0,0,0,0,0,0,1,0, , ,0,0,0,0,0,1,0,0,1,0,0,0,3,4,4,3,4,0,0,1,0,2,0,0,0,0,2,3,0,1,2,3,3,2,3,3,2,4,0,0,0,0,0,0,0,0,0,1,0,0,0,0,1,0,0,0,0,0,0,0,1,0,0,0,0,1,1,3,4,0,0,2,0,2,0,0,0,2,3,3,0,0,0.333333333,0,0,0,0,3.5,3.666666667,0.333333333,1,0.5,1.666666667,0.428571429,0.333333333, ,0,0,0.1,0,0.142857143,0.166666667,0.25,0,0.25,1.833333333,2.75,0.666666667,2.666666667,0.333333333,2.666666667,0.285714286,0,2.333333333
196,1,3,0,0,2,1,2,3,2,2,0,0,0,4,0,2,2,2,4,4,1,0,0,1,2,2,2,2,3,2,4,2,0,0,4,3, ,0,2,0,0,1,2,1,2,3,3,0,1,3,1,0,0,0,0,0,0,2,1,2,0,0,0,1,4,0,3,1,1,1,1,0,1,1,0,2,1,1,2,1,1,2,4,2,0, ,4,2,2,0,2,1,0,1,1,1.333333333,0,3,0.333333333,2,2.333333333,2.666666667,2,2.5,0.666666667, ,2.666666667,0,2.5,0.333333333,0,0.25,1.571428571,1.5,1,0,0.75,0.833333333,1.875,2.666666667,1.333333333,0.666666667,1, ,1,1.666666667
197,2,3,1,1,0,1,0,1,1,1,0,1,0,0,0,0,1,1,1,0,2,0,0,0,3,2,3,1,2,0,2,2,0,2,0,0,0,0,0,0,0,0,2,2,0,2,3,3,3,1,1,1,0,0,1,0,1,1,1,3,0,2,0,0,1,0,0,0,0,2,1,2,1,0,0,0,0, ,3,3,2,0,2,1,0,1,0,0,0,0,0,2,0,1,1,0.333333333,0,1,0,2.5,2,1.333333333,2.5,1,0,0.285714286,0.333333333,0.5,1,0.888888889,0.4,0,0.571428571,1.333333333,0.5,1,0,1.5,2,1, ,1,0.666666667,0.285714286,2,2
198,2,2,0,1,0,0,0,1,1,2,1,1,0,1,0,0,1,1,2,4,1,1,0,0,4,4,3,4,2,1,3,0,1,2,0,0,0,1,2,2,0,0,4,4,3,4,4,3,2,2,0,0,0,0,0,0,0,1,1,1,0,1,0,0,1,0,0,1,1,0,4,0,1,0,2,0,0,3,3,4,3,1,2,1,1,2,0,0,0,0,1,2,0,0,0.333333333,0.333333333,0,1.5,0.333333333,4,3,1.333333333,2,2.5,1.666666667,0.428571429,0.666666667,1,1.5,0,0,0,0.285714286, ,0.75,0.5,0.25,2,3.25,1.333333333,2,1.333333333,1,0.428571429,2,3
199,2,0,0,0,0,0,0,0,0,0,0,0,0,0,0,0,0,0,0,1,1,1,0,0,3,3,4,3,2,2,4,1,0,2,0,0,0,0,3,3,0,0,3,4,3,3,4,4,2,3,0,0,0,0,0,0,0,0,0,0,0,0,0,0,0,0,0,0,0,0,1,1,0,0,0,0,0,2,2,3,2,2,3,1,0,1,0,0,0,0,2,3,0,0,0,0,0,0,0.333333333,3,3,2.333333333,1,1,2,0.285714286,0,0,0,0,0,0,0.142857143,0,0,0,0,1.5,3.25,2,2,1,1.666666667,0.142857143,2,3
200,2,2,0,0,0,2,0,2,2,2,4,1,0,3,0,1,2,3,3, ,1,0,0,0,3,2,3,3,2,2,3,4,1,1,0,2,2,0,1,1,0,1,3,3,2,3,3,2,2,3,0,0,0,0,2,0,1,2,2,3,4,1,0,0,0,0,1,2,2,3, ,0,3,0,0,0,1,2,2,3,2,2,3,3,1,1,0,4,2,0,1,2,0,3,1.333333333,0,0,2.5,0,2.5,2.666666667,3,2, ,0.666666667,1,2.333333333,2.5,2,0.333333333,0,0,1.285714286,1.5,2,2.5,0.125,2,2.625,2.666666667,2.5, ,1,1.571428571,2,2.666666667
201,1,3,1,0,0,1,0,1,1,2, , ,1,2,1,0,1,0,2,1,2,1,1,0,2,3,3,3,1,1,2,0,0,1,0,0,0,1,0,2,0,1,3,4,3,3,2,2,2,1,1,0,0,0,0,0,2,0,0,2,0,0,0,0,2,0,0,0,0,1,2,1,0,2,1,0,0,0,2,1,2,2,3,0,0,1,0,0,0,1,1,1,0,0,1,0,1,1.5,0.666666667,2.5,2.333333333,1,2,1.5,1,0.285714286,0.666666667, ,1.5,0.888888889, ,0,1.428571429, ,0,0,0.375,1.333333333,2.5,1.666666667,1.166666667,1,1,0.142857143,3,3
202,2,3,0,0,0,2,0,4,2,4,2,1,1,1,0,2,4,1,4,1,1,0,0,0,3,3,3,3,1,3,3,1,0,1,0,0,0,0,3,2,0,1,3,2,3,4,2,1,1,4,1,0,0,0,3,0,3,4,4,4,1,1,2,1,0,0,0,4,4,1,0,0,4,0,0,0,0,4,3,3,3,4,4,2,0,2,0,0,0,0,3,3,0,1,1.333333333,0,0.5,4,0,3,2.333333333,2.333333333,2.5,1,1.666666667,0.285714286,1.333333333,1.5,4,1.444444444,0.4,1,0.142857143,2.833333333,3.25,1,0,2,2.5,3.333333333,3.333333333,0,2,0.428571429,3,3
203,1,0,0,0,0,0,0,1,0,1, , ,0,1,0,0,1,1,1,2,0,0,0,0,2,2,3,3,1,1,1,0,1,1,0,0,0,0,2,1,1,0,4,3,3,3,4,4,3,3,0,0,0,0,0,0,0,0,0,0, , ,0,0,1,0,0,0,0,1,3,0,0,1,0,0,0,0,0,2,2,2,2,1,1,1,0,0,0,0,2,3,1,0,0,0,0,1,0,2,2.333333333,0.666666667,0.5,1,1,0.428571429,0.666666667, ,1,0,0,0,0.571428571,0,0, ,0.125, ,3.375,1.666666667,0.5,1,1.666666667,0.428571429,3,3
204,3,2,0,0,0,0,0,0,0, ,0,0,0,0,0,0,0,0,1,0,0,0,1,0,3,4,4,4,1,1,1,0,0,1,0,0,0,0,3,3,1,0,4,4,4,3,4,2,3,3,0,0,0,0,1,0,0,0,0,0,0,0,0,0,0,0,0,0,0,0,0,0,1,0,1,1,0,0,0,2,2,1,1,0,1,1,0,0,0,0,3,2,2,0,0,0,0,0.5,0.333333333,3.5,3,0.666666667,2.5,0,2,0.285714286,0,0, ,0.222222222,0,0,0,0,0.25,0,0.25,1.5,3.375,0.666666667,0.666666667,0,1.666666667,0.571428571,3,3.666666667
205,1,0,0,0,0,0,0,0,0,0, ,0,0,0,0,0,0,1,1,0,2,0,0,0,4,3,3,3,4,0,3,0,0,2,0,0,1,0,2,2,0,0,4,2,3,3,4, ,1,0,0,0,0,0,0,0,0,0,0,2, , ,0,0,0,0,0,0,0,0, ,1,0,0,0,0,0,1,1,4,3,0,3,0,0,2,0,0,0,0,2,1,0,0,0,0,0,0.5,0,3.5,3.333333333,1,0.5,1,1.333333333,0.428571429,0.333333333, ,0,0, ,0,0, ,0, ,0.25,2.166666667, ,1,1, ,1,0.285714286,0,2
206,1,1,0,0,0,0,0,1,1,1,2,3,2,0,2,0,1,1,1,0,0,0,0,1,3,3,4,3,1,4,4,0,2,1,0,1,1,1,3,3,0,1,3,4,3,4,4,3,3,4,0,0,0,0,0,0,1,1,1,1,0,2,1,1,0,1,0,1,1,0,0,0,1,0,0,0,2,1,1,2,1,4,4,1,2,0,0,0,0,1,2,3,0,0,0.333333333,0,2,1,0.333333333,3,2.666666667,2.666666667,1,0,2.333333333,0.857142857,0.333333333,2.5,1,0.222222222,0.1,0.75,0.428571429,1,1,1,0.25,1.333333333,3.5,3,1.5,0,2,0.285714286,3,3.333333333
207,2,1,0,0,0,0,0,1,0,2,1,1,0,1,0,1,1,1,2,1,1,0,1,0,3,3,3,2,2,4,4,1,1,1,0,0,0,1,3,3,0,2,3,2,2,3,3,3,2,3,0,0,0,0,1,0, ,0,1,1,0,1,0,0,0,0,1,0,0,0,0,0,1,0,0,1,0,2,0,3,2,2,2,1,1,1,0,0,0,1,3,3,0,0,0,0,0,1.5,0.333333333,3,2.333333333,3,1.5,1,2.333333333,0.571428571,1,1,1.5, ,0,0, ,0.5,0.25,0.5,0.125,1.333333333,2.625,1.666666667,0.666666667,0,2.333333333,0.285714286,2,2.333333333
208,2,2,0,0,0,0,0,0,1,1,1,1,0,0,0,0,1,0,1,0,0,0,1,0,2,2,3,2,2,2,2,1,1,1,0,0,0,1,2,2,1,1,3,4,3,2,3,2,2,4,0,0,1,0,1,0,1,0,0,1,1,1,0,0,1,0,0,0,0,0,0,0,1,1,1,1,0,2,2,2,2,2,2,1,0,1,0,0,0,0,2,2,1,0,0.333333333,0,0,1,0.333333333,2,2.333333333,1.666666667,2,0,1.666666667,0.571428571,0,1,0.5,0.444444444,0.4,0,0.285714286,0.666666667,0.5,1,0.625,2,2.875,1.666666667,2.166666667,0,1.333333333,0.285714286,2,2.333333333
209,3,2,1,1,0,1,0,2,1,2, , ,1,2,1,1,2,1,2,1,0,1,2,0,3,2,3,2,2,0,1,1,0,2,0,0,0,1,2,2,0,4,2,2,2,2,1,3,2,3,1,1,1,1,1,1,1,2,2,3, ,2,1,1,2,1,2,4,4,2, ,1,4,3,3,2,1,1,1,3,2,1,1, ,0,2,0,0,0,1,1,2,0,1,1,0.333333333,1,2,1,2.5,2.333333333,0.666666667,2.5,0.5,1.666666667,0.857142857,1.333333333, ,2, , ,1,2.142857143, ,4, ,1.875, ,2.125, ,1.666666667, ,1.333333333,0.428571429,2,2.333333333
210,1,0,2,0,0,2,0,2,2,3, , ,0,2,0,0,0,0,2,2,1,1,2,0,3,1,2,1,2,0,3,1,2,0,0,0,0,2,1,1,0,2,2,1,1,3,2, ,1,2,0,0,0,0,2,0,1,2,2,2, , ,0,0,0,0,0,1,1,0,3,0,1,1,2,2,0,0,0,3,2,0,3,2,2,1,1,0,0,2,1,0,0,2,2,0,0,1,1,2,1.666666667,1.333333333,0.5,1.5,1.333333333,0.571428571,0.666666667, ,2.5, , ,0.25,0.142857143, , , , , , ,1.666666667, ,1,1,0.857142857,2,1.666666667
211,1,1,0,0,0,0,0,2,2,3,0,1,1,4,3,1,4,2,4,1,1,2,1,0,3,1,1,2,2,2,2,3,0,2,2,2,2,0,0,2,2,4,3,1,1,1,4,3,0,2,0,0,0,0,1,0,1,2,2,3,0,1,1,2,2,2,1,3,3,2,1,1,3,3,1,1,0,0,0,3,2,3,3,3,0,2,0,2,2,2,2,3,1,4,0.666666667,0,2,4,1,2,1.666666667,2.333333333,1,1,0.666666667,2,2.333333333,0.5,2.5, ,0.5,1.5, ,2.333333333,3,0.5,0.875,2,1.875,3,2.166666667,1,2.333333333,1.571428571,2,1.666666667
212,2,0,0,0,0,1,0,0,0,0,1,1,0,1,0,0,1,0,2,1,0,3,3,0,2,2,3,3,1,2,4,0,0,3,0,0,0,0,2,2,0,1,3,3,3,4,3,3,2,4,0,0,0,0,1,0,0,1,1,1,1,1,0,0,1,0,0,2,1,1,2,1,3,3,3,0,0,2,1,2,2,3,3,0,0,2,0,0,0,0,2,1,0,0,0.333333333,0,0,1.5,2,2,2.333333333,2,1,0.5,1.333333333,0.571428571,0.333333333,1,0,0.111111111,0,0,1.142857143,0.666666667,1.5,1,0.875,2,3.125,2,1.833333333,1,1,0.285714286,3,3
213,2,2,1,0,0, ,0,4, ,4, , ,1,2,2,1,0, ,0,0,1,4,3,2,3,3,2,0,4,0,0,4,1,3,0,4,1,2,2,2,0,0,1,2,1,2,0,2,2,4,0,3,0,0, ,0, ,2,2,4,1,0,0,0,2,1,0,0,0,0,0,0,0,3,2,2,0,2,2,3,2,0,0,3,1,4,2,4,2,1,2,2,0,2, ,0,1.5,0,3,3,2,1.333333333,2,0.5,2,1.285714286, , ,4, ,0.1,0.5,0.714285714, , ,0.5,0.875, ,1.75,1, ,0,1.666666667,2.142857143,0,0.666666667
214,3,3,0,0,0,0,0,0,2,0,0,0,0,0,0,0,0,0,0,0,0,0,0,0,4,4,4,4,1,4,4,4,0,0,2,1,0,0,1,1,0,2,4,4,4,4,4,4,3,2,0,0,0,0,2,0,2,0,0,0,0,0,0,0,0,0,0,0,0,0,0,0,0,0,0,0,0,4,2,4,4,4,4,0,0,0,2,0,0,0,1,1,0,1,0.666666667,0,0,0,0,4,3,4,3,0,0.666666667,0.714285714,0,0,0,0.444444444,0,0, ,0.333333333,0,0,0.625,3.166666667,3.625,2.666666667,3.666666667,0,0.666666667,0.428571429,3,3.666666667
215,3,3,0,0,0,0,0,0,0,0,0,0,2,0,2,0,1,0,1,4,0,3,1,0,3,3,3,1,2,2,4,0,1,1,0,0,0,0,3,1,0,0,3,3, ,4,3,3,2,0,0,0,0,0,0,0,0,0,0,0,0,0,2,1,0,1,0,1,1,0,2,0,2,1,0,0,0,1,0,2,2,4,4,1,1,0,0,0,0,0,3,2,0,0,0,0,2,1,1.333333333,3,2,2,3,2,1.333333333,0.285714286,0,0,0,0,0,1,0,0.666666667,1,0,0.25,1.5, ,3,2,0.666666667,1.666666667,0.142857143,2,2
216,2,2,0,0,0,2,0,0,1,0, , ,2,3,2,1,1,1,3,1,1,0,0,0,3,3,3,3,1,3,3,0,0,1,0,0,0,0,2,1,0,0,4,3,4,4,4,2,3,1,0,0,0,0,2,0,0,0,0,0,0,0,2,1,3,2,0,1,1,2,3,1,3,2,0,0,0,1,1,4,2,3,3,0,0,1,0,0,0,0,1,2,0,0,1,0,2,2,0,3,2.333333333,2,2,1,1,0.142857143,1.666666667, ,0,0.333333333,0.3,1.5,1.142857143,0.166666667,1.5,0,0.375,2.333333333,3.125,2,1.333333333, ,1,0.142857143,3,3
217,2,2,4,0,0,2,0,0,2,0,0,0,0,0,0,0,0,0,0,0,0,0,0,0,0,2,4,4,0,1,3,0,0,2,0,0,0,0,0,0,0,0,4,2,4,4,0,3,2,0,1,0,0,0,1,0,1,0,0,0,0,0,0,0,0,0,0,0,0,0,1,0,0,0,0,0,0,1,2,0,4,0,2,0,0,2,0,0,0,0,1,0,0,0,2.666666667,0,0,0,0,1,2.666666667,1.333333333,2,0,0,0.285714286,0,0,0,1.111111111,0.6,0,0.285714286,0,0,0,0,3,2.375,0.666666667,1.166666667,0.333333333,0.333333333,0.285714286,4,4
218,2,2,0,0,0,0,0,0,0, ,0,0,0,2,0,2,0,0,1,0,0,0,0,0,4,3,3,3,2,4,4,2,2,3,0,0,0,0,2,2,1,0,2,3,2,4,3,3,1,4,0,0,0,0,1,0,0,0,0,1,0,0,0,0,1,0,0,0,0,0, ,0,1,0,0,0,1,3,2,4,4,4,4,2,2,2,0,0,0,0,3,1,0,0,0,0,0,0.5,0,3.5,2.666666667,3.333333333,2,0,1.333333333,0.857142857,1.333333333,0, ,0.111111111,0,0,0.142857143,0.333333333,0.25,0,0.125,3,2.75,3.333333333,2.833333333, ,1.333333333,0.571428571,2,2.666666667
219,3,2,0,0,0,2,0,1,2,2,1,1,1,0,1,1,1,1,1,1,0,0,2,0,1,1,3,3,2,4,4,2,1,1,0,0,0,1,3,4,0,2,3,4,3,4,1,4,2,4,0,0,0,0,3,0,1,1,1,3,0,0,1,1,1,1,1,1,1,1,0,0,2,0,0,0,0,2,2,2,3,4,4,1,0,2,0,0,0,1,4,4,0,3,1.333333333,0,1,1,0.666666667,1,2.666666667,3.333333333,2.5,0.5,2.666666667,0.571428571,0.666666667,1,1.5,1,0.3,1,0.714285714,1.5,1.25,0,0,1.833333333,3.125,3,2.5,0,3,0.714285714,2,2.666666667
220,2,2,0,0,0,0,0,1,0,2, , ,0,3,0,0,1,0,3,0,1,0,0,0,4,2,3,3,2,3,3,0,0,2,0,0,0,2,2,2,1,2,3,3,3,3, ,3,2,4,0,0,0,0,0,0,0,1,1,2, , ,0,0,1,0,0,2,1,0,0,1,4,0,0,0,0,1,2,4,2,3,3,0,0,2,0,0,0,2,1,2,0,2,0,0,0,2,0,3,2.666666667,2,2,0.5,2,0.714285714,1, ,1.5,0, ,0,0.714285714, ,1.75, ,0,1.833333333, ,2,1.5,0.666666667,1.666666667,0.571428571,2,2.666666667
221,2,1,0,0,0,0,0,1,0,2,0,0,0,2,0,0,0,0,0,0,0,0,0,0,3,3,3,3,2,4,4,0,2,1,0,0,0,0,2,3,2,0,4,4,4,4,3,4,3,4,0,0,0,0,0,0,0,1,0,2,0,0,0,0,0,0,0,0,0,0,0,0,0,0,0,0,0,2,2,4,3,4,4,1,1,1,0,0,0,0,3,3,2,0,0,0,0,0,0,3,2.666666667,2.666666667,1.5,0,1.666666667,0.714285714,0.666666667,0,1.5,0,0,0,0.428571429,0.666666667,0,0,0,1.833333333,3.75,3,2.5,0,2,0.571428571,2,2.666666667
222,3,3,0,0,0,1,0,0,0,1, , ,0,3,0,1,1,0,1,0,1,0,0,0,4,4,3,2,4,3,3,0,1,2,0,0,0,0,4,2,2,0,3,3,3,3,4,2,0,3,0,0,0,0,0,0,0,0,0,0, , ,0,0,2,0,0,0,0,1,0,1,0,0,0,0,0,1,1,3,3,3,3,0,1,2,0,0,0,0,3,3,2,0,0.333333333,0,0,1,0,4,3,2,3,0.5,2,0.714285714,1.333333333, ,0.5,0, ,0,1.142857143, , , ,0,2.333333333,2.625,2, ,0.333333333,2,0.714285714,0,1.666666667
223,2,2,0,0,0,2,0,0,2,0, , ,2,2,0,3,2,3,2,4,4,2,2,0,4,4,3,3,1,0,1,0,1,2,0,0,0,0,1,0,0,2,3,3,3,4,4,2,2,2,0, ,0,0,2,0,2,0,1,2,0,0,1,1,4,2,4,2,2,4, ,4,3,2,2,0,0,2,2,3,3,1,1,0,1,2,0,0,0,1,1,1,0,1,1.333333333,0,1,2,1.333333333,4,2.333333333,0.333333333,2,4,0.333333333,0.714285714,2.666666667, ,0, ,0.2,1.5, ,0.833333333,2.25,0,0.875,3.166666667,2.875,0.666666667,2.666666667, ,1,0.571428571,3,3
224,2,2,0,0,0,0,0,0,0,0,4, ,0,0,0,0,0,1,1,1,1,0,2,0,4,3,2,1,3,1,1,3,0,2,0,0,0,0,1,0,1,1,0,2,1,3,3,0,2,0,0,0,0,0,1,0,1,0,0,0,0,0,0,0,0,0,0,0,0,0,3,3,0,0,2,0,0,2,2,4,3,0,1,3,0,2,0,0,0,0,0,0,1,1,0,0,0,0.5,0.666666667,3.5,2,1.666666667,2,1,0.333333333,0.571428571,0.333333333, ,0,0.222222222,0,0,0.142857143,0,0,0,0.25,2.166666667,1.375,1.333333333,1.666666667,3,0,0.571428571,1,1.333333333
225,2,3,0,1,0,2,0,1,0,3, , ,0,4,0,3,2,1,1,4,1,2,3,1,4,3,3,2,3,2,4,0,2,1,0,0,0,1,2,2,0,3,3,3,2,3,2,2,1,2,0,0,0,0,0,0,0,0,0,2, , ,0,0,2,0,2,1,1,1,4,1,1,1,3,1,0,0,1,3,3,1,4,1,1,1,0,0,0,0,2,2,0,3,0.666666667,0.333333333,0,1.5,2,3.5,2.666666667,2,2.5,2.5,1.666666667,0.857142857,2.666666667, ,2,0, ,0,1.142857143, ,1, , ,2,2.25,2,1.666666667,2,1.333333333,0.714285714,1,2
226,2,2,1,0,0,1,0,0,1,1, , ,3,2,3,3,1,3,4,4,2,0,0,0,3,3,4,3,2,2,4,1,1,1,0,0,0,0,2,2,0,2,3,4,4,4,4,4,2,3,0,0,0,0,2,0, ,0,0,1, , ,3,3,4,3,4,1,0,4,4,2,2,1,0,0,0,1,1,4,2,2,4, ,1,1,0,0,0,1,2,2,0,2,1,0,3,2.5,0,3,3,2.333333333,2,3,1.333333333,0.571428571,2.666666667, ,0.5, , ,3,3.571428571, , , ,0.25, ,3.5, ,1.666666667,2.333333333,1.666666667,0.571428571,2,3
227,3,2,2,1,0,1,0,2,0,2, , ,0,3,2,2,1,2,2,4,1,0,2,0,3,3,3,2,3,3,3,1,0,1,0,0,0,0,2,1,1,1,3,3,3,3,3,2,1,2,1,1,1,0,1,0,0,3,3,3, , ,2,2,4,2,3,1,1,1,4,1,2,2,1,0,0,1,1,4,4,4,4,1,0,2,0,0,0,0,2,2,0,0,1,0.333333333,1,1.5,0.666666667,3,2.666666667,2.333333333,2.5,2.5,1,0.428571429,2.333333333, ,2,0.777777778, ,2,2, ,1.5, ,0.375,2.5,2.5,3,2,1.666666667,1.333333333,0.285714286,1,2
228,4,4,1,0,0,1,0,1,1,2,3,3,0,3,0,0,1,0,1,3,2,2,0,0,3,2,3,3,1,2,3,1,1, ,1,0,0,2,2,2,0,1,3,3,3,3,2,3,3,3,0,0,0,0,1,0,1,1,1,2,3,3,0,0,3,0,2,0,0,0,2,0,0,2,2,1,0,2,2,3,3,3,3,1,1,2,0,0,0,0,2,2,1,2,1,0,0,1,0.666666667,2.5,2.333333333,2,4,2.5,2, ,1,3,1.5,0.555555556,0.4,0,1.571428571,1.333333333,0,3,0.875, ,2.875,2.333333333,2.166666667,1,1.333333333,0.857142857,3,3
229,3,1,0,0, ,0,0,2,0,2,0,0,0,0,0,0,0,0,0,0,0,0,0,0,3,3,4,3,1,3,4,0,0,1,0,0,0,0,2,2,0,0,3,3,3,3,3,3,2,1,0,0,0,0,0,0,0,1,0,3,0,0,0,0,0,0,0,2,1,0,0,0,3,0,1,0,0,2,1,3,3,2,3,0,3,1,0,0,0,0,2,2,0,0,0, ,0,0,0,3,2.666666667,2.333333333,2,0,1.333333333,0.142857143,0,0,2,0,0,0,0.142857143,1,1.5,0,0.25,1.833333333,2.625,1.666666667,1.833333333,0,1.333333333,0.571428571,3,3.333333333
230,2,2,0,0,0,1,0,1,1,2,2,1,0,0,0,0,0,0,1,2,0,1,2,0,4,4,3,3,2,1,1,0,0,2,0,0,0,0,2,2,0,1,4,4,3,4,3,2,2,4,0,0,0,0,0,0,0,0,0,2,2,1,0,0,0,0,0,0,0,0,2,0,0,0,0,0,0,2,2,4,4,0,0,0,1,1,0,0,0,0,2,3,0,0,0.666666667,0,0,0.5,1,4,2.666666667,0.666666667,2,1,1.333333333,0.428571429,0,1.5,1.5,0.111111111,0.2,0,0.428571429,0.5,0,1.5,0,2.833333333,3.25,0,2.833333333,0.666666667,1.666666667,0.285714286,2,2.666666667
231,1,1,0,0,0,0,0,0,0,0, , ,0,0,0,0,0,0,0,2, ,0,2,0,2,2,4,3,3,0,4,3,0,2,0,1,0,0,0,0,0,3,2,3,3,3,4, ,2,0,0,0,0,0,0,0, ,1,1,3, , ,0,0,1,0,0, , ,2,4,1, ,0,0,2,0, , ,1,3,0,1,3,0,1,0,1,0,2,0,0,0,1,0,0,0,0,0.666666667,2,3.333333333,2.333333333,1, ,0,0.857142857,0, ,0, , ,0,1, , , ,0.375,1.666666667, ,1.333333333, ,2,0.666666667,0.428571429,1,2.666666667
232,2,2,0,0,0,0,0,0,2,0,0,0,2,2,2,0,0,2,0,4,0,0,0,0,2,2,1,0,3,2,2,0,1,0,0,0,0,0,3,2,0,4,1,1,1,2,3,3,1,4,2,2,0,0,2,0,2,2,2,2,0,0,2,2,4,2, ,2,2,2,4,2,4,2,2,2,2, ,4,4,2,4,4,1,2,1,0,0,0,1,3,2,1,4,0.666666667,0,2,0,0,2,1.333333333,1.333333333,2,2,1.666666667,0.714285714,1.333333333,0,0,1.777777778,0.4,2, ,1.666666667,2.5,0,1,2.333333333,2,3, ,2,2,1.142857143,1,0.666666667
233,1,0,0,0,0,0,0,0,0,1,0,0,0,1,0, ,0,1,1,2,1,2,1,0,4,4,3,2,2,3,4,1,1,1,0,0,0,1,3,3,0,1,2,3,3,3,3,3,2,4,0,0,0,0,0,0,0,0,0,1,0,0,0,0,0,1,0,0,0,1,1,0,1,2,1,0,0,0,0,3,3,3,4,1,0,1,0,0,0,0,2,1,0,0,0,0,0,0.5,1,4,2.333333333,2.666666667,0.5,1.5,2.333333333,0.428571429, ,0,0.5,0,0,0.25,0.142857143,0.166666667, ,0,0.375,1.833333333,2.875,2.666666667,1.333333333,0.333333333,1,0.142857143,2,2.333333333
234,4,2,2,1,0,2,0,3,2,3,0,0,1,3,1,1,1,1,2,1,1,0,1,0,1,3,4,2,2,2,1,1,1,1,0,0,0,1,3,2,2,2,3,4,3,3,4,4,2,4,1,0,0,0,2,0,1,1,1,2,0,0,1,0,3,1,0,2,1,1,1,2,3,1,2,3,1,2,2,2,3,1,1,2,0,2,0,0,0,2,3,3,2,3,2,0.333333333,1,1.5,0.333333333,2,2.666666667,1.333333333,3,1,2,0.857142857,1.666666667,0,3,0.777777778,0.2,0.75,1.571428571,1,2,0,1.375,1.666666667,3.375,1.333333333,2.333333333,1,2.666666667,1,2,2.666666667
235, ,2, ,0,0,1,0, ,2,1,2,1,0,4,0,0,0,2, ,2,1,2,0,0,2,1,1,1,1,2,3, ,2,0,0,0,0,0,0,2,0,1,1,0,3,3,4,3,2,4,0,0,0,0,1,0, ,1,1,2,1,2,0,2,3,0, ,1,1,2,1,1,0,2,0,0,0, ,2,3,3,1,4,0,2,2,0,0,1,0,1,2,0,1, ,0,0, ,0.666666667,1.5,1, , ,1.5,0.666666667,0.428571429,2,1.5, , ,0.1,0.75, ,1.166666667,0.75,1.5,0.25,1.666666667,2.5,1.666666667, ,1,1,0.857142857,3,1.666666667
236,0,2,0,0,0,0,0,2,0,3, , ,0,0,0,0,2,0,2,2,0,0,0,0,2,0,0,0,4,3,3,2,2,1,0,0,0,0,2,1,0,0,3,0,0,2,3,1,0,0,0,0,0,0,0,0,0,2,2,4, , ,0,0,0,0,0,2,2,2,1,0,2,0,0,0,0,2,2,2,1,2,4,2,2,2,0,0,0,1,2,2,0,0,0,0,0,2,0,1,1.333333333,2.666666667,1,1,1,0.428571429,0, ,2.5,0, ,0,0.285714286, ,1.75, ,0, ,1.125,2.666666667, ,0.666666667,1.666666667,0.571428571,0,0
237,3,3,0,0,0,0,0,1,1,2,0,0,0,2,0,0,0,1,1,0,0,0,1,0,3,3,3,3,2,2,3,2,1,2,3,1,0,0,3,2,0,3,2,4,3,4,3,3,2,2,0,0,0,0,0,0,0,1,0,1,0,1,0,0,1,0,0,0,0,1, ,1,2,0,0,1,0,4,4,3,3, ,3,1,0,1,3,2,0,0,2,2,0,3,0.333333333,0,0,0.5,0.333333333,3,2.666666667,2.333333333,3,0,1.666666667,1.428571429,1,0,1.5,0,0,0,0.857142857,0.666666667,1,0.5,0.125,2.5,2.875, ,3, ,1.333333333,1.285714286,2,2.666666667
238,1,3,0,0,0,0,0,0,0,0,0,0,0,0,0,0,0,0,0,0,0,0,0,0,3,3,1,2,2,2,2,2,0,0,0,0,0,0,2,1,0,0,1,3,2,4,3,2,1,0,0,0,0,0,0,0,0,0,0,0,0,0,0,0,0,0,0,0,0,0,0,0,0,0,0,1,0,1,1,3,3,1,1,3, ,0,0,0,0,0,1,0,0,0,0,0,0,0,0,3,1.666666667,2,2,0,1,0,0,0,0,0,0,0,0,0,0,0,0.375,1.166666667,2,1.666666667,0.333333333,0,0.333333333, ,2,1.666666667
239,0,0,0,0,0,2,0,1,2,2,0,0,0,4,0,0,1,0,1,0,1,2, ,0,3,0,3,2,2,2,4,0,1,1,0,0,0,0,0,0,0,3,3,3,2,4,3,2,2,2,0,0,0,0,2,0,2,0,0, ,0,0,0,0,1,0,0,0,0,1,0,2, ,0,0,0,0,0,0,4,3,1,4,1,2,2,0,0,0,0,1,2,0,1,1.333333333,0,0,1, ,1.5,2.333333333,2,0,0.5,0,0.714285714,1.333333333,0,1.5,0.888888889,0.1,0,0.857142857, , ,0,0,1.5,2.625,2,0.666666667,1,1,0.714285714,2,2.333333333
240,2,2,0,0,0,2,0,1,2,2,1,1,0,2,0,0,1,0,1,0,0,0,1,0,3,4,3,2,1,4,4,4,0,4,0,0,0,1,2,2,0,4,1,4,3,3,4,3,2,2,0,0,0,0,3,0,2,0,0,2,1,1,0,0,1,0,0,0,0,1,0,0,2,0,1,1,0,2,2,4,4,0,4,4,0,4,0,0,0,1,2,3,0,2,1.333333333,0,0,1,0.333333333,3.5,2,4,2,0,1.666666667,1.142857143,0.666666667,1,1.5,0.888888889,0.2,0,0.714285714,1,0.75,1,0.75,2.666666667,2.75,2.666666667,2,0,2,0.857142857,3,2.666666667
241,2,3,0,0,0,0,0,1,0,2,0,1,3,2,2,1,3,2,4,1,1,0,2,0,3,3,3,1,4,1,4,1,2,1,0,0,0,0,3,1,0,1,1,3,2,3,1,3,2,0,1,1,0,0,0,0,0,1,1,2,0,1,2,3,3,2,0,1,3,1,0,0,3,0,2,2,1,1,1,2,4,0,4,1,2,0,0,0,0,0,2,1,0,0,0,0,2.5,3.5,0.666666667,3,2.666666667,2,2.5,1,1.333333333,0.571428571,1.666666667,0.5,1.5,0.333333333,0,1.75,1,1.333333333,2.25,0.5,0.625,2.333333333,1.875,1.666666667,1,0,1,0.285714286,0,1.333333333
242,4,4,0,0,0,0,0,2,0,4, ,0,0,4,0,1,2,1,4,0,1,0,0,0,4,4,3,2,1,1,2,0,0,3,0,0,0,1,2,1,2,0,3,3,2,4, ,2,0,0,0,0,0,0,0,0,0,2,2,4, , ,0,0,2,0,0,2,2,1,0,1,4,0,0,0,0,4,4,4,4,0,1,2,0,3,0,0,0,1,2,1,2,0,0,0,0,3,0,4,2,1,4,0.5,1.333333333,0.714285714,2, ,3,0, ,0,1.142857143, , , ,0, , ,1,2.833333333,0.333333333,1.333333333,0.714285714,3,2.666666667
243,2,4,0,0,1,2,1,0,2,2, ,1,1,1,4,0,1,4,1,3,2,4,3,0,4,4,3,1,3,0,0,2,0,0,2,2,1,4,1,1,0,2,2,1,1,1,3,3,1,0,0,0,1,1,0,0,0,0,0,4,0,0,2,1,2,3,0,1,0,3,2,1,1,3,2,2,0,3,1,4,4,1,1,4,1,2,2,2,1,1,1,1,0,2,1.333333333,0.666666667,2.5,1,2.333333333,4,2.333333333,0.666666667,3,2.5,2,1,1.666666667, ,1,0,0.5,2,1.857142857,1,1,0,1.5,2.666666667,1.5,2,1.833333333,1.333333333,1,1.428571429,1,1.666666667
244,3,3,0,0,0,0,0,1,0,2,1,1,0,1,0,0,1,1,2,1,1,0,0,0,1,2,4,4,3,3,4,1,1,0,0,0,0,0,3,2,0,1,3,4,4,3,3,4,1,2,0,0,0,0,0,0,0,1,1,2,1,1,0,0,0,0,0,1,0,0,1,0,2,0,0,0,0,1,1,1,1,2,3,1,0,1,0,0,0,0,2,2,1,1,0,0,0,1.5,0,1.5,3.666666667,2.666666667,3,1,1.666666667,0.285714286,0.666666667,1,1.5,0,0.1,0,0,0.833333333,0.75,1,0,1,3,2,1.5,0.333333333,1.333333333,0.428571429,1,3
245,3,3,0,1,0,0,0,0,0,0,0,1,1,1,1,1,0,2,1,1,0,0,0,0,4,4,0,1,3,1,2,2,0,1,0,0,0,0,2,2,0,1,2,0,1,3,3,2,2,2,0,0,1,0,0,0,0,0,0,0,0,0,1,1,1,1,1,0,0,0, ,0,0,0,0,0,0,2,2,1,4,1,3,3,0,1,0,0,0,0,0,0,0,0,0,0.333333333,1,0.5,0,4,1.333333333,1.666666667,3,0.5,1.333333333,0.285714286,1.333333333,0.5,0,0,0.2,0.75,0.428571429,0,0,0,0.125,2,1.875,2.333333333,1.833333333, ,0,0.142857143,1,0.666666667
246,2,2,0,1,0,1,0,1,1,1,1,1,0,0,0,0,0,0,0,0,0,0,0,0,0,0,4,4,4,1,1,0,0,1,0,0,0,0,1,0,0,0,2,4,3,1,1,3,0,4,0,0,0,0,1,0, ,0,0,0,0,1,0,0,0,0,0,0,0,1,0,0,0,0,0,0,0,1,1,0,0,0,2,0,0,1,0,0,0,0,2,0,0,0,0.666666667,0.333333333,0,0,0,0,4,0.666666667,2,0,0.333333333,0.142857143,0,1,1, ,0.1,0,0.142857143,0,0,0.5,0,0,2.25,0.666666667,1.5,0,0.666666667,0.142857143,0,2.666666667
247,2,3,0,0,0,2,0,0,2,2, , ,1,1,0,0,0,2,2,0,0,0,0,0,0,2,3,1,3,0,3,0,1,2,0,0,0,0,2,2,0,1,2,3,0,3,2,2,1,3, , ,0,0,2,0,2, , , , , ,2,0,1,1, ,1,1,3, ,0, ,1,1,1,0,3,3, ,3,0,3, ,1,3, ,0,0,0,2,3, ,2,1.333333333,0,0.5,1,0,1,2.333333333,1,2.5,0,1.333333333,0.571428571,1, ,1, , ,1, , , , , , ,2, , , ,1.666666667, ,1,1.666666667
248,2,1,1,0,0,2,0,3,2,4, , ,0,0,0,0,1,1,0,0,0,0,0,0,0,0,0,3,3,4,4,0,0,3,0,0,0,0,3,3,0,1,3,0,3,4,3,3,1,2,0,0,0,0,2, ,2,1,1,3, , ,0,0,0,0,0,0,0,1,0,0,0,0,0,0,0,0,0,0,1,3,4,0,0,3,0,0, ,0,3,4,0,1,1.666666667,0,0,0.5,0,0,2,2.666666667,1.5,0,2,0.571428571,0.333333333, ,3.5,0.777777778, ,0,0.428571429, ,0, ,0,1.166666667,2.375,2.333333333, ,0,2.333333333, ,1,1.333333333
249,2,2,0,0,0,1,0,1,1,1, , ,0,3,0,0,1,0,2,1,0,0,1,0,4,2,4,4,2,4,4,1,0,1,0,0,0,0,1,2,0,1,3,4,4,3,4,3,2,1,0,0,0,0,1,0,1,1,1,1, , ,0,0,2,0,0,2,1,0,1,0,3,0,2,0,0,2,2,4,3,4,4, ,0,1,0, , ,0,1,2,0,1,0.666666667,0,0,1.5,0.333333333,3,3.333333333,3,2,0.5,1,0.285714286,1, ,1,0.333333333, ,0,0.857142857, ,1.75, ,0.375,1.833333333,3, ,2.166666667,0.333333333,1, ,2,3.333333333
250,2,2,0,0,0,0,0,0,0,0,0,0,0,1,0,0,0,1,1,2,1,1,1,0,2,2,3,1,3,0,2,0,0,0,0,2,2,0,1,0,0,1,2,3,2,3,3, ,2,2,0,0,0,0,0,0,0,0,0, ,1,1,1,1,1,1,1, , ,1,3,1, ,1,1,1,0,2,2,2,2,1,3,0,1,1,0,2,2,1,1,1,0,0,0,0,0,0.5,0.666666667,2,2.333333333,0.666666667,2,1.5,0.333333333,0.714285714,0.666666667,0,0, ,0,0.75, , , ,1,0.625,1.166666667, ,1.333333333,1.166666667,1.333333333,1,0.857142857,1,1.666666667
251,0,1,0,0,0,0,0,3,0,4, , ,0,0,0,0,0,0,0,0,0,0,0,0,2,2,2,1,3,4,4,2,2,2,0,0,0,0,1,0,0,0,1,3,2,2,3,4,2,4,0,0,0,0,0,0,0,4,4,4, , ,0,0,0,1,1,4,3,0,0,0,4,0,0,0,0,0,3,2,3,1,4,1,0,1,0,0,0,0,1,1,0,0,0,0,0,0,0,2,2,3.333333333,0.5,0,0.333333333,0.571428571,0, ,3.5,0, ,0.25,0.142857143, ,3.75, ,0,1.333333333,2.625,2,1.833333333,0,0.666666667,0.142857143,1,1.333333333
252,2,2,1,0,0,1,0,3,1,3, , ,1,4,0,0,0,2, ,0, ,3,1,0,3,3,3,3,2,1,4,1,1,1,0,0,0,2,2,2,0,1,3,3,3,3,3,3,2,3,1,0,0,0,1,0,1,2,2,4, , ,0,0,3,0,0,0,0,4, , ,0,3,2,2,0,2,2,4,4,0,4,1,1,2,0,0,0,2,2,2,0,0,1,0,0.5, ,1.333333333,3,2.666666667,2,2, ,2,0.428571429,2, ,3,0.555555556, ,0,2, , , ,1.875, ,2.875,1.666666667,1.666666667, ,2,0.428571429,2,2.666666667
253,3,0,0,0,0,0,0,2,0,3, , ,0,3,0,0,3,0,3, , ,2,3,0,3,3,3,3,2,0,4,2,0,2,0,0,0,2,3,2,0,3,1,2,2,4, ,3,0,4,0,0,0,0,2,0, ,3,3,4, , ,0,1,2,0,0,3,3,4, ,0,3, ,3,3,3,3,2,3,3,2,4,1,1,2,0,0,0,2,4,3,1,2,0,0,0,3,1.666666667,3,2.666666667,2,1.5, ,2.333333333,0.714285714,1, ,2.5, , ,0.25, , ,3, , , , ,2.333333333, , ,3,0.857142857,2,2.666666667
254,3,1,0, ,0,1,0,1,1,1,0, ,0,2,0,0,1,2,2, ,0,0,0,0,0,0,3,0,4,2,2,1,1,3,0, , ,2,2,2,0,1,2,3,0,2,2, ,1,0,0,0,0,0,1,0,1,1,1,3,1, ,0,0,1,0,0,2,2,2, ,0,2,0,1,1,0,3,2, ,3,2,4,1,2,3,0, , ,1,2,2,0,1,0.666666667, ,0,1.5,0,0,2.333333333,1.666666667,2, ,2, ,1.333333333, ,1, , ,0,1.428571429,1.833333333,1.75, ,0.25, , ,2.333333333, , ,1.666666667, ,0,1
255,3,2,2,1,0,0,0,2,1,2,1,1,0,0,2,0,0,0,0,2,1,3,2,0,3,3,2,1,2,1,2,0,0,0,0,0,0,2,0,2,0,2,3,0,1,3,1,1,3,4,3,2,1,1,1,1,3,2,2,4,1,1,1,1,1,0,0,0,0,0,0,0,0,3,0,1,0,4,4,3,3,2,2,0,0,1,0,0,0,2,2,1,0,2,1,0.333333333,1,0,1.666666667,3,1.666666667,1,2.5,1.5,1.333333333,0.285714286,0,1,2,2.444444444,1,1,0.285714286,1.333333333,0,1,0.875,1.666666667,2,1.333333333,2.5,0,1.666666667,0.428571429,2,1.666666667
256,2,2,0,0,0,2,0,0,2,0,0,0,0,0,0,0,0,0,0,0,0,0,0,0,3,3,4,3,3,2,2,0,2,1,0,0,0,0,2,2,0,1,3,4,4,3,2,4,3,2,0,0,0,0,1,0,1,0,0,0,0,0,0,0,1,0,0,0,0,0,0,0,0,0,0,0,0,1,1,4,4,1,1,0,1,1,0,0,0,0,2,1,0,1,1.333333333,0,0,0,0,3,3.333333333,1.333333333,2,0,1.333333333,0.571428571,0,0,0,0.444444444,0.2,0,0.142857143,0.166666667,0,0,0,2.666666667,3.125,0.666666667,1.5,0,1,0.428571429,1,2.666666667
257,2,0,3,1,1,3,1,3,2,2, , ,2,0,3,0,3,0,3,2,2,1,1,0,3,3,3,2,2,2,3,1,1,1,0,0,0,1,2,2,0,3,2,3,1,2,2,3,1,2,3,4,1,1,3,1,3,3,2,3, , ,0,0,2,0,1,0,0,0,2,2, ,1,1,1,1,1,0,3,3, ,3,1,1,2,0,0,0,1,2,2,0,3,2.666666667,1,2.5,3,0.666666667,3,2.333333333,2,1,2,1.666666667,0.714285714,0, ,2.5,2.888888889, ,0,0.714285714, , , ,1,2,2, ,2.166666667,1.333333333,1.666666667,0.857142857,2,2.333333333
258,1,1,0,0,0,0,0,0,0,1,0,1,0,0,0,0,0,0,0,1,0,0,0,0,2,2,3,3,2,1,4,0,0,1,0,0,0,0,0,1,0,0,3,3,4,3,4,3,2,3,0,0,0,0,0,0,0,0,0,2,0,1,0,0,0,0,0,0,0,0,1,0,0,0,1,1,0,0,0,2,2,2,4,0,0,1,0,0,0,0,1,2,0,2,0,0,0,0,0,2,2.666666667,1.666666667,1,0.5,0.333333333,0.142857143,0,0.5,0.5,0,0,0,0,0.5,0,0.5,0.375,1.666666667,3.125,2,0.666666667,0.333333333,1,0.428571429,2,2.666666667
259,4,4,2,0,0,3,0,1,2,2,0,0,3,0,4,0,1,1,1,0,0,0,0,0,3,3,3,3,2,2,2,2,1,0,0,0,0,1,3,2,1,2,3,4,3,3,4,4,0,1,2,2,0,0,4,0,3, , , ,0,0,3,3,1,3,1, , ,4,0,0, ,0,0,0,0,4,4,1,4,4,4,2,0,1,0,0,0,2,3,2,1,4,2.333333333,0,3.5,1,0,3,2.666666667,2,4,0,2,0.571428571,0.333333333,0,1.5,2.888888889,0.6,3,1.142857143, , ,0,0,2.166666667,2.75,3.333333333,4,0,2.333333333,0.857142857,2,2.666666667
260,1,2,0,0,0,2,0,1,1,2,0,0,0,4,0,0,1,0,2,0,0,0,0,0,2,3,4,4,2,1,2,0,0,0,0,0,0,0,1,1,0,2,4,3,4,4,3,4,3,3,0,0,0,0,2,0,2,1,1,3,0,0,1,0,2,1,0,3,1,1,1,0,3,0,0,2,0,1,1,2,4,1,3,0,0,0,0,0,0,0,0,2,0,0,1,0,0,1.5,0,2.5,3.333333333,1,1.5,0,0.666666667,0.285714286,1.333333333,0,1.5,0.666666667,0,0.5,1.428571429,1.166666667,2,0,0.375,1.333333333,3.5,1.333333333,1.5,0.333333333,0.666666667,0,2,3.333333333
261,3,4,0,0,0,2,0,1,1,3,2,1,0,4,0,0,2,3,4,4,1,1,2,0,4,4,3,1,4,0,3,3,0,1,0,0,0,2,2,2,0,1,2,3,1,2,4,2,1,2,0,0,0,0,2,0,1,1,1,4,1,1,0,0,3,0,1,1,1,3,3,1,3,0,2,2,0,4,4,3,3,1,4,3,0,2,0,0,0,2,2,2,0,3,1,0,0,3,1,4,2.666666667,2,3.5,2.5,2,0.285714286,2.333333333,1.5,2,0.555555556,0.1,0,2.571428571,2.333333333,1.5,1,0.625,3,2.125,2.666666667,2.833333333,1.333333333,2,0.714285714,0,1.333333333
262,3,2,1,1,0,0,0,2,1,3, , ,1,2,1,0,1,2,2,3,3,0,0,0,4,3,3,2,4,4,4,2,0,1,0,0,0,0,0,1,1,0,2,3,3,3,4,3,0,1,2,0,1,0,1,0,0,1,1,2, , ,0,0,3,1,0,2,0,4,2,2,0,1,2,0,0,3,3,4,3,4,3,1,0,1,0,0,0,0,1,2,1,0,0.666666667,0.333333333,1,1.5,0,3.5,3,3.333333333,2.5,3,0.333333333,0.285714286,1.333333333, ,2.5,0.555555556, ,0.25,2.428571429, , , ,0.375,3.166666667,2.375,2.666666667,3.166666667,1.666666667,1,0.285714286,0,1.666666667
263,2,3,0,0,0,0,0,0,0,1,0,0,0,0,0,0,0,1,1,2,3,0,0,0,2,3,3,2,2,0,2,0,0,0,0,0,0,0,2,0,0,0,4,3,3,3,0,3,2,0,0,0,0,0,0,0,0,0,0,1,0,0,0,0,2,0,2,0,0,0,4,2,0,0,0,0,0,1,2,2,3,1,1,0,0,0,0,0,0,0,0,0,0,0,0,0,0,0.5,0,2.5,2.333333333,0.666666667,2.5,2.5,0.666666667,0,0.333333333,0,0.5,0,0,0,0.857142857, ,0,0,0,1.833333333,2.25,0.666666667,1.666666667,2,0,0,2,2.333333333
264,4,3,2,0,0,1,0, ,2, , , ,1,1,2,3, ,1, ,2,1,2,3,1,2,2,2,2,3,3,3,0,2, ,2,1,0,2,4,3,1,3,3,3,2,3,1,3,1,3, , ,0,0,1,0,1, , , , ,0,0, ,1,1,2, ,0,0,1,0, ,1,2,2,1,4,4,3,2,3,3,0,2,2,1,1,0,2,3,3,0,3,1.666666667,0,1.5, ,2,2,2.333333333,2,3.5,1.5,3, ,1.666666667, , , , , , , , , , , ,2.375,2,3.333333333,0.333333333,2.666666667,1.285714286,1,1.666666667
265,3,2,1,0,0,2,0,1,0,2, ,0,0,2,0,1,2,2,2, ,2,1,1,0,3,3,1,1,3,4,4,3,1,4,2,2,1,2,2,2,1,3,2,1,2,2,2,2,1,2,0,0,0,0,2,0,1,1,1,2, , ,0,0,1,0,1,1,0,1,1,1,1,1,1,1,0,3,2,2,3,4,4,3,1,3,2,2,1,1,2,2,2,2,1,0,0,2,0.666666667,3,1.666666667,3.666666667,2.5, ,2,2,1.666666667, ,1.5,0.555555556, ,0,1, , , ,0.625, ,1.75,3.666666667,2.166666667,0.666666667,1.666666667,1.857142857,1,1
266,4,4,0,0,0,1,0,3,0,4,0,0,0,1,0,0,3,1,4,2,0,1,0,0,3,4,4, ,3,0,2,0,0,0,0,0,0,0,4,4,0,2,4,4,4,4,3,0,0,4,1,0,0,0,2,0, ,2,2,3,0,0,1,0,1,1, ,3,4,1,0,0,4,2,2,0,0,3,3,3,3,0,1,0,0,1,0,0,0,1,4,4,0,0,0.333333333,0,0,3.5,0.333333333,3.5, ,0.666666667,4,1,2.666666667,0.285714286,0.666666667,0,3.5, ,0.2,1, ,1.5,3.25,0,0.5,2.166666667,2.875,0.333333333, ,0,3,0.142857143,1, 
267,4,4,0,1,0,1,1,1,1,2,1,1,0,2,0,2,1,0,2,3,1,1,3,0,4,4,4,2,3,4,4,2,2,3,0,0,0,1,3,3,0,2,2,3,2,2,2,3,1,3,0,0,1,0,1,1,0,0,0,2,0,0,0,0,1,0,2,1,0,0,3,1,2,2,2,3,0,2,3,4,3,4,4,1,1,2,0,0,0,1,3,3,0,3,0.666666667,0.666666667,0,1.5,1.333333333,4,3,3.333333333,4,2,2.333333333,1,1.333333333,1,1.5,0.333333333,0.3,0,0.857142857,0.5,0.75,0,1.125,3.166666667,2.25,3,3,1.666666667,2.333333333,0.857142857,1,2.333333333
268,4,3,0,1,0,1,0,2,1,3,0,0,0,1,0,0,0,2,0,1,1,0,0,0,0,2,4,4,3,4,4,4,0,2,0,0,0,0,0,0,0,0,2,4,3,2,3,3,2,2,0,0,1,0,2,1,1,2,2,3,0,2,0,0,1,0,1,1,1,2,1,1,0,0,0,0,0,4,0,1,2,4,4,4,1,0,0,0,0,1,2,1,0,1,0.666666667,0.333333333,0,0,0,1,3.666666667,4,3.5,1,0,0.285714286,1,0,2.5,0.555555556,0.2,0,0.857142857,2, ,1,0,1.166666667,2.625,4, ,0.666666667,1.333333333,0.285714286,1,3
269,2,0,0,0,0,1,0,1,1,1, , ,0,2,0,1,1,1,1, , ,0,0,0,4,3,4,2,3,3,4,1,4,1,0,0,0,1,3,3,0,4,3,4,2,4,3,3,1,3,0,0,0,0,2,0,2,1,1,1,0,0,0,0,2,0,1,0,0,1, ,1,1,0,1,1,0,1,0,4,3,3,4,0,3,0,0,0,0,1,3,2,0,4,0.666666667,0,0,1,0,3.5,3,2.666666667,1, ,2.333333333,1.285714286,1.333333333, ,1,0.666666667,0,0,0.857142857,1.166666667,0.25,0,0.25,2.5,2.875,2.333333333,1.833333333, ,2,1,1,2.333333333
270,3,2,0,0,0,0,0,2,2,2, , ,1,2,1,0,1,2,1,1,1,3,3,1,3,3,3,3,3,0,1,1,2,1,0,0,0,0,2,2,0,2,3,3,3,3,3,3,3,0,0,0,0,0,1,0,2,1,1,1, , ,1,0,2,0,1,3,0,3,1,2,2,3,1,1,1,3,3,2,2,1,1,1,2,2,1,0,0,1,2,2,0,0,0.666666667,0,1,1,2.333333333,3,3,0.666666667,2.5,1,1.333333333,0.714285714,1.333333333, ,2,0.444444444, ,0.25,1.571428571, ,1.5, ,1,1.5,2.625,1, ,1.333333333,1.666666667,0.714285714,1,2.333333333
271,3,1,0,0,0,0,0,0,0,1,0,2,0,2,0,0,1,0,3,2,1,0,0,0,2,2,3,3,2,2,2,1,1,1,0,0,0,0,2,1,1,2,4,4,3,3,2,2,3,0,0,0,0,0,1,0,0,1,1,1,1,2,0,0,0,0,0,2,2,0,1,0,2,0,0,2,1,3,1,1,3,1,2,0,1,0,0,0,0,0,0,0,0,0,0,0,0,2,0,2,2.666666667,1.666666667,2,1.5,1,0.714285714,0.666666667,1,0.5,0.111111111,0.1,0,0,1.166666667,1.75,1.5,0.375,1.666666667,2.625,1,1.666666667,0.333333333,0,0.142857143,2,2.666666667
272,2,2,0,0,0,0,0,1,1,2,0,0,0,3,0,0,0,0,0,0,0,0,3,0,3,2,3,3,2,0,3,1,1,0,0,0,0,0,2,2,0,0,3,3,2,4, ,2,2,1,0,0,0,0,0,0,0,0,1,2,0,0,0,0,1,0,0,0,0,1,0,0,0,0,0,2,0,1,0,3,3,3,3,1,1,0,0,0,0,0,2,1,0,2,0.333333333,0,0,0,1,2.5,2.666666667,1.333333333,2,0,1.333333333,0.142857143,1,0,1.5, ,0,0,0.571428571,0.833333333,0,0,0.25,1.5, ,2.333333333,0.666666667,0,1,0.428571429,2,2.666666667
273,4,4,0,0,0,0,0,0,0,0,0,0,0,2,0,0,1,1,1,1,1,0,0,1,3,3,3,3,2,1,0,0,2,1,0,0,0,1,3,2,0,0,4,3,2,3, ,3,3,4,0,0,0,0,0,0,0,0,0,0,0,0,0,0,3,0,0,0,0,2,1,1,2,0,0,0,2,3,3,3,3,1,1,0,2,0,0,0,0,2,3,2,0,0,0,0,0,1,0.333333333,3,2.666666667,0.333333333,4,1,2,0.428571429,1,0,0,0,0,0,1.571428571,0,0.5,0,0.25,2, ,0.666666667,2.5,1,2.333333333,0.285714286,2,2.666666667
274,4,4,0,0,0,2,0,3,2,3,0,1,0,1,0,1,3,0,3,2,0,0,1,0,4,2,4,2,3,4,4,2,2,3,0,0,0,2,3,3,0,4,3,3,1,4,3,3,1,4,0,1,0,0,3,0,3,3,3,4,0,0,0,1,0,0,1,1,0,0,0,0,1,4,0,4,1,4,4,2,2,3,4,4,2,3,0,0,0,1,2,2,0,3,1.333333333,0,0,3,0.333333333,3,3,3.333333333,4,1,2.666666667,1.285714286,0.666666667,0.5,3,1.555555556,0.2,0.25,0.714285714,2.666666667,0.5,0,1.125,2.666666667,2.75,3.666666667,3.833333333,0,1.666666667,1.142857143,1,2.333333333
275,3,2,3,0,0,1,0,1,1,1,2,2,2,3,1,2,2,0,3,0,0,1,1,2,3,4,2,0,4,4,4,0,1,2,0,0,0,1,2,3,0,1,2,2,1,3,3,3,1,3,0, ,0,0,1,0,2,2,2,2,0,0,2,2,3,1,2,1,1,0,0,0,2,0,0,0,0,2,1,1,3,4,4,1,0,0,0,0,0,0,2,2,0,0,1.666666667,0,1.5,2.5,1.333333333,3.5,2,2.666666667,2.5,0,2,0.571428571,1.666666667,2,1, ,0.2,1.75,1,1.666666667,1.25,0,0.125,2.333333333,2.25,3,2.666666667,0,1.333333333,0,0,0.666666667
276,4,4,1,0,0,2,0,2,2,3, , ,0,2,0,1,0,1,0,0,0,1,3,0,2,2,4,3,2,4,4,1,0,2,0,0,0,1,3,3,1,2,2,3,2,4,3,2,1,3,2,1,0,0,2,0,2,2,2,4, , ,0,0,2,0,1,0,0,2,0,0,0,2,3,2,0,4,4,3,3,4,4,1,1,2,0,0,0,1,3,3,0,2,1.666666667,0,0,0,1.333333333,2,3,3,4,0,2.333333333,0.714285714,1.333333333, ,2.5,1.777777778, ,0,1.428571429, ,0, ,1.125,2.333333333,2.5,3,3.333333333,0,2.333333333,0.714285714,2,3
277,3,3,0,0,0,1,0,0,1,1, , ,1,0,0,0,0,1,0,0,0,0,1,0,3,3,3,3,3,0,2,2,0,4,0,0,0,1,1,2,2,1,2,4,2,3,3,3,0,4,0,0,0,0,3,0,2,0,0,0,0,1,0,0,1,0,1,0,0,2, ,1,1,0,0,0,0,4,4,3,3,2,2,2,1,4,0,0,0,0,2,2,0,1,0.666666667,0,0.5,0,0.333333333,3,3,1.333333333,3,0,1.333333333,1,0.333333333, ,0.5,1,0.2,0,0.857142857,0.166666667,0.25,0.5,0, ,2.625,2,3.5, ,1.333333333,0.857142857,1,2.333333333
278,3,3,1,0,0,1,0,1,2,1,0,0,0,0,0,1,0,1,0,2,2,0,0,0,3,2,3,1,2,4,4,2,1,3,0,0,0,1,3,3,0,3,1,3,1,3,3,3,2,1,0,0,0,0,1,0,0,1,1,2,0,0,0,0,0,0,1,1,1,1,2,2,1,0,0,0,0,3,3,3,2,3,3,2,2,1,0,0,0,0,2,2,0,3,1.333333333,0,0,0,0,2.5,2,3.333333333,3,2,2.333333333,1,0.666666667,0,1,0.333333333,0.1,0,0.571428571,1.166666667,0.75,0,0,1.666666667,2.125,2.666666667,2.666666667,1.333333333,1.333333333,0.857142857,2,2
279,4,2,0,0,0,0,0,0,0,1,2,2,0,0,0,1,0,0,0,0,0,0,2,0,3,3,2,2,4,3,3,1,3,1,0,0,0,2,3,3,1,3,1,3,2,3,3,2,0,3,0,0,0,0,0,0,0,0,0,1,2,1,0,0,2,0,1,0,0,1,0,0,0,0,2,1,0,4,2,2,3,1,2,1,3,1,0,0,0,1,3,3,1,2,0,0,0,0,0.666666667,3,2.666666667,2.333333333,3,0,2.666666667,1.142857143,0.333333333,2,0.5,0,0.2,0,0.714285714, , ,1.5,0.375,2,2.125,1.333333333,3,0,2.333333333,1,0,1.333333333
280,1,4,0,0,0,0,0,0,0,0,0,0,2,0,0,1,3,3,4,2,1,0,0,0,3,4,3,3,2,3,4,1,0,2,0,0,0,0,0,0,0,2,3,3,3,3,4,3,1,1,0,0,0,0,0,0,0,0,0,0,0,0,0,0,0,0,0,3,3,2,2,2,4,0,0,0,0, ,2,2,3,3,4,1,0,2,0,0,0,0,0,0,0,0,0,0,1,3.5,0,3.5,2.666666667,2.666666667,2.5,1.5,0,0.571428571,1.333333333,0,0,0,0,0,1.142857143,0,3,0,0.375,1.833333333,2.625,2.666666667, ,1.666666667,0,0.285714286,2,2.666666667
281,2,2,0,0,0,3,0,0,3,0, , ,0,3,0,1,0,1,1,1,0,2,1,0,3,1,3,2,3,2,4,0,1,1,0,0,0,0,2,0,0,4,3,3,3,3,2,3,2,1,0,0,0,0,2,0,2,0,0,1, , ,0,0,3,1,3,0,0,2,0,0,1,1,1,0,0,3,3,3,2,2,4,0,1,1,0,0,0,1,2,1,1,3,2,0,0,0.5,1,2,2.666666667,2,2,0.5,0.666666667,0.857142857,1.666666667, ,0,0.777777778, ,0.25,2,0.5,0.25, ,0.375,2.333333333,2.5,2,3.166666667,0,1.333333333,0.857142857,1,2
282,2,2,0,0,0,0,0,2,0,3,0,0,0,2,0,1,2,3,3,0,0,2,1,2,3,3,4,2,2,4,4,1,0,2,0,0,0,1,2,1,0,2,2,4,2,3,2,2,1,3,0,0,1,0,0,0,1,2,2,3,0,1,0,0,2,0,0,3,2,2, ,0,3,1,0,2,2,2,2,4,3,4,4,1,0,4,0,0,0,1,2,2,0,1,0,0,0,2.5,1.666666667,3,2.666666667,3,2,0,1.333333333,0.571428571,2,0,2.5,0.222222222,0.1,0,1.142857143,2,2.5,0.5, ,2.166666667,2.375,3,2.166666667, ,1.666666667,0.714285714,2,2.666666667
283,1,1,0,0,0,1,0,0,1,1,0,0,1,1,0,2,0,1,1,0,0,2,2,0,4,2,4,2,3,3,4,0,1,2,0,0,0,0,2,2,0,1,2,3,2,2,3,2,1,3, , ,0,0,0,0, , , , ,0,0,0, ,0,0,2, , ,2,0,0, ,0,3,3,0,1,0,3,2,4,4,0,1,2,0,0,0,0,3,2,0,1,0.666666667,0,0.5,0.5,1.333333333,3,3,2.333333333,1,0,1.333333333,0.571428571,1.333333333,0,0.5, ,0, , , , ,0, ,1.833333333,2.25,2.666666667,1.833333333,0,1.666666667,0.571428571,1,2.333333333
284,1,2,0,1,1,1,0,0,0,2, , ,0,1,0,1,0,2,2,1,1,1,0,0,3,3,2,2,3,2,2,0,0,1,0,0,0,0,2,1,0,2,4,3,2,2,4,3,1,3,0,0,1,1,1,1,1,0,0,2, ,1,1, ,1,1,0,0,0,2,1,1,2,2,0,0,0,1,1,3,3,3,4,0,0,2,0,0,0,1,2,1,0,2,0.333333333,0.666666667,0,1,0.333333333,3,2.333333333,1.333333333,1.5,1,1,0.428571429,1.333333333, ,1,0.555555556,0.4, ,1.142857143, , , ,1.25,2,2.75,2.333333333,1.666666667,0.666666667,1.333333333,0.571428571,1,1.666666667
285,3,3,0,0,0,1,0,0,1,1,1,0,0,4,0,2,0,0,1,1,2,2,0,0,2,2,3,3,2,4,4,0,0,2,0,0,0,0,3,3,0,1,3,3,3,4,4,4,2,2,0,0,0,0,1,0,1,0,0,2,0,0,0,0,3,0,2,0,0,1,1,1,0,1,0,0,0,4,3,2,2,4,4,1,2,2,0,0,0,0,3,3,0,1,0.666666667,0,0,0.5,0.666666667,2,2.666666667,2.666666667,3,1.5,2,0.428571429,2,0.5,0.5,0.333333333,0,0,1,0.5,0,0,0.125,1.833333333,3.125,3,3,1,2,0.714285714,2,2.666666667
286,2,2,1,0,0,3,0,1,2,2, , ,0,4,1,1,1,0,1,3,3,4,2,2,3,2,3,2,3,3,3,2,1,2,1,1,1,1,3,3,0,3,3,3,2,3,3,3,2,3,1,0,0,0,2,0,2,1,1,1,0,0,0,0,3,0,1,0,0,0, ,1,0,3,1,1,1,2,2,3,2,3,3,2,1,1,2,2,1,2,2,1,0,3,2,0,0.5,1,2.666666667,2.5,2.666666667,2.666666667,2,3,2.333333333,1.285714286,1.666666667, ,1.5,1,0.1,0,1.714285714,0.833333333,0,0, ,1.833333333,2.75,2.666666667,2, ,1.666666667,1.428571429,1,2
287,3,3,1,0,0,3,0,1,3,3,2,2,2,4,2,3,3,3,3,2,2,3,3,2,1,1,2,2,3,4,4,3,1,1,0,2,0,1,2,2,0,1,2,3,3,3,1,2,0,3,1,2,0,0,2, ,2,2,2,1, ,1,1,2,3,1,2,2,2,2,2,2,2,3,2,2,1,2,3,2,2,4,4,4,2,1,0,2,0,1,2,2,0,4,2.333333333,0,2,3,2.666666667,1,2.333333333,3.666666667,3,2,1.666666667,0.714285714,3.333333333,2,2,1.444444444, ,1.25,1.714285714,1.5,2, ,1.875,1.666666667,2.125,4,3.166666667,1.333333333,1.666666667,1.285714286,1,1.666666667
288,2,2,0,0,0,2,0,1,0,3, , ,0,4,0,1,0,1,0,3,1,2,3,3,3,3,3,1,4,2,2,0,0,2,0,1,0,0,2,2,0,3,3,3,3,3,4,4,2,3,0,0,0,0,1,0,2,2,2,3, , ,0,0,3,0,1,0,0,1,1,0,0,3,2,3,2,2,2,3,3,2,2,0,2,1,0,0,0,1,2,2,0,2,0.666666667,0,0,0,2.666666667,3,2.666666667,1.333333333,2,2,1.333333333,0.857142857,2, ,2,0.444444444, ,0,1.857142857, , , ,1.375,2.333333333,3.125,1.333333333,2,0.333333333,1.666666667,0.714285714,0,1.333333333
289,4,4,1,1,0,2,0,2,1,2, , ,2,1,0,0,1,2,1,1,0,1,1,0,4,4,4,3,4,4,4,1,2,2,0,0,0,0,3,2,0,1,3,4,3,3,3,3,2,3,1,1,1,0,2, , ,2,2,2, , ,1,0,1,0,0,2,1,1, ,0,1,0,0,0,0,4,4,4,3,4,4,1,2,2,0,0,0,0,2,2,0,2,1.333333333,0.333333333,1,1,0.666666667,4,3.666666667,3,4,0.5,1.666666667,0.714285714,1, ,2, , ,0.25, , ,1, ,0.25, ,3,3,3.666666667, ,1.333333333,0.857142857,0,2.333333333
290,2,2,1,0,0,1,0,0,2,1, , ,0,1,0,0,0,0,1,3,0,0,0,0,2,2,3, ,1,1,2,2,2,2,0,0,0,0,2,2,0,1,2,3,3,2,2,3,2,2,1,1,0,0,1,0,1,0,0,1, , ,0,0,1,0,0,0,0,0,4,1,1,0,0,0,0,2,2,1,2,1,3,2,1,1,0,0,0,0,2,2,0,2,1.333333333,0,0,0.5,0,2, ,1.666666667,2,1.5,1.333333333,0.714285714,0.333333333, ,0.5,0.666666667, ,0,0.571428571, ,0.25, ,0,1.333333333,2.375,2,2,1.666666667,1.333333333,0.571428571,3, 
291,4,4,3,1,0,2,0,3,2,2,1,1,2,0,4,0,2,2,3,4,2,1,0,0,3,3,0,4,0,4,4,0,0,0,1,1,1,0,3,3,0,0,3,0,4,3,4,3,2,4,2,2,0,0,2,0,2,2,1,4,3,1,3,3,1,4,2,3,3,4,4,3,4,1,0,0,0,3,3,3,3,4,4,0,0,2,1,1,2,2,4,4,0,1,2.333333333,0.333333333,3,2.5,0.333333333,3,1.333333333,2.666666667,4,3,2,0.428571429,0.666666667,1,2.5,2.111111111,0.6,3.5,2,2.333333333,3.25,2,0.25,2,2.875,2.666666667,3.166666667,2.666666667,3.333333333,1,4,2.666666667
292,2,2,1,0,0,1,0,1,1,0,0,0,2,2,3,1,0,1,3,1,0,2,4,4,3,3,3,4,4,2,3,1,2,2,0,0,0,2,4,4,2,4,3,3,3,3,2,2,0,4,0,0,0,0,0,0,0,0,0,0, , ,0,0,0,1,1,0,0,0,1,1,1,0,3,3,0,1,1,4,4,3,3,1,1,2,0,0,0,1,3,2,2,4,1,0,2.5,1.5,3.333333333,3,3.666666667,2,2,0.5,3.333333333,1.428571429,1.333333333,0,0.5,0, ,0.5,0.142857143, ,0.25, ,0.75,3.5,2.5,2.333333333,2.333333333,0.666666667,2,1.285714286,0,2.333333333
293,1,1,0,0,0,0,0,0,0,1, , ,0,1,0,0,0,0,1,2,0,2,0,0,4,3,4,4,0,0,2,0,0,0,0,0,0,0,2,1,0,0,4,4,3,3,4,4,3,2,0,0,0,0,0,0,0,0,0,0, , ,0,0,1,0,0,0,0,0,2,0,0,2,0,2,0,1,1,3,2,0,3,0,1,0,0,0,0,0,1,1,0,0,0,0,0,0.5,0.666666667,3.5,2.666666667,0.666666667,1,1,1,0,0.333333333, ,0.5,0,0,0,0.428571429, ,0, ,0.5,2,3.375,1,1.166666667,0.666666667,0.666666667,0.142857143,4,4
294,2,1,0,0,0,0,0,2,1,2,0,0, ,0,0,0,0,0,0,0,0,0,0,0,3,2,0,0,2,0,0,0,0,0,0,0,0,0,2,1,0,0,2,3,2,3,3, ,1,1,0,0,0,0,0,0,1,0,0,1,0,0,0,0,0,0,0,0,0,0,0,0,1,0,0,0,0,2,2,4,3,4,4,2,1,1,1, , , ,3,2, ,1,0.333333333,0, ,0,0,2.5,0.666666667,0,1.5,0,1,0,0,0,2,0.222222222,0,0,0.142857143,0.333333333,0.25,0,0, , ,3.333333333,1.666666667,0, , ,2,0.666666667
295,3,3,3,1,0,4,0,3,3,3,3,3,0,1,1,0,0,0,0,0,0,0,0,0,2,2,1,1,4,0,1,4,0,0,0,0,0,0,3,2,1,2,1,0,0,2,1,2,1,1,1,1,0,0,2,0,2,2,2,2,1,1,0,0,1,0,0,0,0,0,0,1,0,0,0,0,0,2,2,2,2,0,0,3,0,0,0,0,0,0,4,3,0,2,3.333333333,0.333333333,0.5,0,0,2,2,1.666666667,3,0,1.666666667,0.428571429,0.333333333,3,3,1.333333333,0.6,0,0.142857143,1.5,0,1,0,1.5,1,1,1.833333333,0.333333333,2.333333333,0.285714286,0,0.666666667
296,2,3,0,0,0,3,0,3,2,4, , ,0,4,0,0,2,1,3,2,0,0,0,0,4,4,2,1,3,3,4,3,0,0,0,0,0,0,0,1,0,2,3,2, ,3, ,2,1,0,0,0,0,0,3,0,2,3,3,4, , ,0,0,4,0,0,0,0,1, , ,0,0,0,0,0,2,2,3,3,3,3,2,0,0,0,0,0,0,0,1,0,3,1.666666667,0,0,2.5,0,4,2,3.333333333,2.5,1,0.333333333,0.285714286,1.666666667, ,3.5, , ,0.25, , , , ,0,1.833333333, ,2.666666667,2.166666667, ,0.333333333,0.428571429,1,1.333333333
297,2,1,0,1,0,0, ,0, ,0, , ,0,0,0,0, ,1,1,3,2,2,4,2,2,2,0,0,3,0,1,1,0,1,2,1,1,0,2,1,0,1,1,3,0,4,4,0,1,0,0,0,0,0,0,0,0,0,0,2,2,2,0,0,1,0,0,0,1,1,4,2,3,2,2,3,2,2,2,3,2,0,0,2,1,2,1,2,2,2,2,1,0,0, , ,0, ,2.666666667,2,1,0.666666667,1.5,2.5,1,0.857142857,0.333333333, ,0,0,0.1,0,0.571428571,0.5,1,2,2.75,1.833333333,1.625,0.666666667,1.666666667,2.666666667,1.666666667,1.142857143,1,0.333333333
298,2,3,1,0,0,0, ,3,0,4, , ,0,1,0,0,0,0,0,2,2,2,3,1,3,4,3,1,2,3,3, ,0,1,0,2,1,0,1,0,0,1,1,2,2,2,1,3,4, ,0,0,0,0,0,0,0,3,3,4,0,1,0,0,1,0,0,0,0,0,0,0,0,1,3,3,1,3,3,4,3,3,3,1,1,0,0,1,1,0,1,1,0,0,0.333333333, ,0,0,2,3.5,2, ,2.5,2,0.333333333,0.714285714,0.333333333, ,3.5,0,0,0, ,2.833333333,0,0.5,1.25,2.5, ,2.333333333,2.666666667,0,0.666666667,0.428571429,2,2
299,4,4,0,0,0,2,0,1,2,2, , ,0,2,0,0,0,2,2,2,2,1,0,0,4,4,3,3,2,3,4,0,0,1,0,0,0,1,3,2,0,3,3,1,3,4,3,3,3,3,0,0,0,0,2,0,2,0,0,2, , ,0,0,1,0,1,0,0,1, ,0,0,0,0,0,0,4,4,3,3,3,4,1,1,1,0,0,0,1,4,2, ,3,1.333333333,0,0,1,0.333333333,4,2.666666667,2.333333333,4,2,2,0.571428571,1.333333333, ,1.5,0.888888889, ,0,0.714285714, ,0, , ,3,2.875,2.666666667,3.333333333, ,2.333333333, ,2,2.666666667
300,2,4,0,0,0,1,0,1,0,0, , ,0,2,0,1,2,2,0,2,1,0,1,0,2,2,4,4,3,0,0,0,2,1,0,0,0,0,2,2,0,1,2,3,3,3,3,2,1,0,0,1,0,0,0,0, ,1,1,0, , ,0,1,1,0,0,1,0,1,0,0,0,0,3,1,0,2,4,2,1,0,0, ,1,0,0,0,0,0,1,1,0,1,0.333333333,0,0,1,0.333333333,2,3.666666667,0,3,1.5,1.333333333,0.571428571,1.666666667, ,0.5, , ,0.25,0.714285714, ,0.5, ,1.125,1.5,2.125, ,2.5,0,0.666666667,0.285714286,1,3
301,4,4,1,0,0,1,0,1,2,0,0,0,0,1,0,0,0,0,0,0,0,0,1,0,1,4,3,3,1,0,4,1,1,1,0,0,1,0,3,3,0,3,3,3,1,3,2,3,3,2,1,1,0,0,2,0,2,2,2,2,0,0,1,0,1,0,0,0,0,0,0,0,0,0,0,0,0,3,2,1,3,0,4,1,0,1,0,1,1,1,3,3,0,3,1.333333333,0,0,0,0.333333333,2.5,2.333333333,1.666666667,4,0,2,0.857142857,0.333333333,0,0.5,1.222222222,0.3,0.25,0.428571429,1.166666667,0,0,0,2,2.5,1.666666667,2.666666667,0,2.333333333,0.857142857,3,3
302,4,4,0,1,0,2,1,0,0,0, , , ,3,2,0,1,4,1,4,3,3,2,1,4,4,0,1,2,0,0,4,2,1,0,0,0,1,1,2,0,2,0,0,1,3,1,0,2,0,0, ,3,0,3, ,2, , , , , , , ,2,4, ,1,1,1,4,2, ,2,2,3,3, ,3,4,3,0,0,4,2,3, ,1, , ,2,1, ,1,0.666666667,0.666666667, ,1,2,4,1,1.333333333,4,3.5,1.333333333,0.714285714,2.333333333, ,0, , , , , , , ,2.375,3,0.875,1.333333333, ,2.333333333, , ,2,1
303,2,3,0,0,0,0,0,0,0,0,0,0,0,1,0,0,0,1,1,2,1,1,0,0,2,3,3,3,4,3,4,1,2,2,1,0,0,1,2,3,0,0,3,4,3,3,3,4,1,3,0,0,0,0,0,0,0,0,0,0,0,0,1,0,0,0,0,0,0,2, ,1,2,0,2,1,1,1,1,1,3,3,4, ,2,2,0,0,0,0,0,3,0,1,0,0,0,0.5,0.333333333,2.5,3.333333333,2.666666667,2.5,1.5,2,0.714285714,0.666666667,0,0, ,0,0.25,0.714285714,0,1,0,0.75,1.5,3, ,1.666666667, ,1,0.714285714,0,2
304,3,2,0,0,0,0,0,1,0,2,0,0,0,0,0,0,1,0,2,0,0,0,0,0,3,3,0,0,3,2,4,2,0,2,0,2,2,0,2,1,0,1,3, , ,3,4,4,2,3,0,0,0,0,0,0,0,0,0,1,0,0,0,0,0,0,0,0,0,1,0,0,1,0,0,0,0,2,1,3,3,1,4,1,0,1,0,1,1,0,2,2,0,0,0,0,0,1.5,0,3,1,2.666666667,2.5,0,1,1,0,0,1.5,0,0,0,0.285714286,0.333333333,0.25,0,0,1.666666667, ,2,1.5,0,1.333333333,0.428571429,1,0.333333333
305,2,2,2,1,0,2,0,2,2,1,3,2,2,2,2,1,2,1, ,3,3,4,4,0,4,4,2,1,3,0,1,1,1,1,4,4,4,1,1,1,3,4,3,1,1,4,4,0,0,4,2,1,0,0,2,0,2,1,3,1,3,2,2,1,1,2,0,2, ,4, ,4,4,4,4,4,1,3,3,4,4,0,0,1,1,1,4,4,4,0,2,1,4,4,2,0.333333333,2, ,2.666666667,4,2,0.666666667,2,3,1,3,1.333333333,2.5,1.5,1.444444444,0.4,1.75, ,1.333333333, ,2.5, ,2.666666667,2.125,0.333333333,3.5, ,1,3.142857143,1,1.333333333
306,3,3,1,0,1,1,0,1,1,0,0,0,0,3,1,2,0,3,1,0,0,1,1,0,3,4,4,2,2,4,4,4,1,2,0,0,0,1,3,2,0,4,2,3,1,2,1,2,1,1,1,1,0,0,1,0,1,3,3, ,0,0,0,0,3,0,0,0,0,1,0,0, ,2,2,4,0,3,3,3,4,4,4,4,0,2,1,0,1,1,3,3,0,2,1,0.333333333,0.5,0.5,0.666666667,3.5,2.666666667,4,3,0,2,1,2.666666667,0,0.5,0.888888889,0.2,0,1.285714286, , ,0,1.125,3.666666667,1.625,4,2.666666667,0,2.333333333,0.857142857,2,2.666666667
307,2,3,0,2,0,0,1,1,0,2,1,2,0,2,0,0,1,0,1,3,0,0,0,0,0,0,3,2,2,1,2,0,0,1,0,0,0,0,0,0,0,0,2,3,2,2,1,3,2,2,0,0,1,0,1,1,1,0,0,2,1,2,0,0,0,0,0,0,0,0,2,0,0,0,0,1,0,1,1,0,0,2,3,1,0,1,0,0,0,0,1,1,0,0,0,1,0,1,0,0,2.333333333,1,2.5,1.5,0,0.142857143,0.666666667,1.5,1.5, ,0.3,0,0.142857143,0.5,0,1.5,0.125,0,2.125,2,1,0.666666667,0.666666667,0.142857143,2,2.333333333
308,0,0,2,0,0,1,0,3,2,3, , ,1,1,1,2,3,0,3,2,1,3,1,0,3,3,3,2,3,0,1,0,0,0,0,1,1,0,0,0,0,0,1,3,2,4,3,3,1,3,2,1,0,0,1,0,2,3,3,3, , ,0,0,1,0,2,2,2,1,1,0,3,1,1,0,0,1,0,3,2,0,1,0,0,2,0,1,1,1,0,1,0,0,1.666666667,0,1,3,1.333333333,3,2.666666667,0.333333333,0,1.5,0,0.285714286,1, ,3,1.444444444, ,0,0.857142857, ,2.25, ,0.25,1.833333333,2.5,0.333333333,1,0.333333333,0.666666667,0.571428571,1,2
309,3,3,1,4,0,4,0,1,2,2, , ,0,1,1,0,0,1,1,2,1,0,0, ,1,1,3,3,3,2,0,3,0,2,0,0,0,1,2,3,0,2,2,3,3,3,2,4,2,0,0,0,2,0,4,0,1,0,0,2, , ,1,1,1, ,0,0,0,3,0,1,0,0,0,0,0,2,2,0,0,1,0,3,1,2,0,0,0,1,2,2,0,2,2.333333333,1.333333333,0.5,0.5, ,1,3,1.666666667,3,1.5,2,0.571428571,0.666666667, ,1.5,1.333333333, , ,0.714285714, , , ,0.125, ,2.375,1.333333333,1.833333333,0.333333333,1.666666667,0.714285714,1,2.333333333
310,3,3,1,0,0,2,0,1,1,2, , ,1,3,0,0,1,1,2,0,1,0,1,0,3,3,4,3,2,1,3,1,1,2,0,0,0,2,4,3,0,2,3,4,3,3,2,3,2,4,0,1,0,0,2,2,2,1,1,3, , ,0,2,2,1,0,1,1,0,0,0,1,2,1,1,0,2,2,4,4,2,4,1,1,2,0,1,1,2,4,4,0,2,1.333333333,0,0.5,1.5,0.333333333,3,3,1.666666667,3,0.5,3,0.714285714,1.333333333, ,1.5,0.888888889, ,0.75,0.857142857, ,1, ,0.5,2.666666667,3,2.333333333,2.333333333,0,3.333333333,1,2,3
311,3,3,0,0,0,1,0,2,1,2,2,2,0,2,0,1,2,1,2,2,1,0,0,0,4,4,3,2,3,4,4,0,0,2,0,0,0,0,2, ,0,0,3,3,2,3,4,4,2,4,0,0,0,0,1,0,1,2,2,3,2,1,0,0,2,0,0,0,0,1,1,1,0,0,0,0,0,2,2,4,4,4,4, ,0,2,0,0,0,0,2,2,0,0,0.666666667,0,0,2,0,4,2.666666667,2.666666667,3,1.5, ,0.285714286,1.333333333,2,2,0.555555556,0.2,0,0.571428571,1.833333333,0,1.5,0,3.833333333,3.125, ,2,0.666666667,1.333333333,0.285714286,1,2
312,1,1,0,0,0,0,0,1,0,2, , ,0,1,0,0,3,1,3,0,0,0,0,0,1,1,4,2,3,0,1,0,1,1,0,0,0,0,0,0,0,0,2,4,3,4,4,3,1,0,0,0,0,0,0,0,0,3,3,3, , ,0,0,0,1,0,3,2,0,1,1,3,0,0,0,0,1,1,1,1,0,0,3,0,0,0,0,0,0,0,1,0,0,0,0,0,3,0,1,3,0.333333333,1,0,0,0.285714286,0.666666667, ,1.5,0.111111111, ,0.25,0.142857143, ,2.25, ,0.375,2.333333333,2.625,1,0.666666667,0.666666667,0.333333333,0,1,2.333333333
313,1,1,1,0,0,2,0,3,2,3, , ,0,0,0,0,0,1,0,3, ,0,0,0,3,2,2,1,3,3,4,2,0,3,0,0,0,0,0,0,0,1,2,1,1,2,2,2,3,0,2,2,0,0,2,0,2,4,4,4, , ,2,1,1,1,0,1,1,1, , ,2,1,0,1,0,2,3,4,2,4,4,2,1,3,0,0,1,1,1,0,0,2,1.666666667,0,0,0,0,2.5,2,3,1, ,0,0.571428571,0.333333333, ,3, , ,1.25,0.714285714, , , ,0.5,2.166666667,1.625,3.333333333,2, ,0.666666667,1,1,1.333333333
314,2,1,0,0,1,0,1,1,0,2, , ,1,3,0,0,2,1,2,1,1,1,2,0,3,3,2,0,2,2,4,0,0,1,0,0,0,1,2,2,0,1,4,2,1,3,3,1,1,3,0,0,0,1,0,1,0,2,1,3, , ,1,1,2,0,0,1,2,1,2,1,3,0,0,0,0,4,1,3,3,1,4,0,0,1,0,0,0,1,2,2,0,0,0,0.666666667,0.5,2,1,3,1.333333333,2,1.5,1,1.666666667,0.285714286,1.333333333, ,1.5,0, ,0.5,1.714285714, ,1.75, ,0,1.833333333,2.25,1.666666667,2,1.333333333,1.666666667,0.142857143,2,1.333333333
315,2,3,0,1,0,0,0,0,0,0,1,0,0,4,0,0,0,0,1,0,0,0,0,1,3,3,3,3,1,0,4,0,0,0,0,1,0,0,0,2,0,1,4,3,3,4,4,4,3,2,0,0,0,0,0,0,0,0,0,0,1,0,0,1,4,0,0,0,0,0,1,0,1,0,0,0,0,3,3,4,3,2,3,2,0,0,0,1,1,0,2,2,0,1,0,0.333333333,0,0.5,0.333333333,3,2.333333333,1.333333333,2.5,0,0.666666667,0.285714286,1.333333333,0.5,0,0,0,0.25,1.285714286,0,0.25,0.5,0,2.166666667,3.375,2.333333333,2,0.333333333,1.333333333,0.428571429,3,3
316,3,3,0,0,0,0,0,0,0,0, , ,0,3,0,1,0,1,0,0,0,0,0,0,3,3,3,3,1,2,3,0,0,2,0,0,0,0,2,2,0,0,3,4,3,3,4,4,3,3,0,0,0,0,0,0,0,0,0,0, , ,0,0,1,0,1,0,0,1,0,0,0,0,0,0,0,2,2,2,2,3,4,1,0,2,0,0,0,0,2,2,0,0,0,0,0,0,0,3,2.333333333,1.666666667,3,0,1.333333333,0.285714286,1.666666667, ,0,0, ,0, , ,0, ,0,2,3.375,2.666666667, ,0,1.333333333,0.285714286,3,3
317,3,3,0,0,0,0,0,0,0,0,0,0,2,3,1,0,0,2,2,3,1,1,2,1,4,2,3,1,4,4,4,1,2,1,1,0,0,2,3,3,0,2,3,3,2,3,0,4,0,2,0,0,0,0,1,0,0,0,0,1,0,0,0,0,1,0,1,0,0,1,1,1,0,0,0,2,0,1,1,4,4,4,4,1,1,2,0,0,0,3,3,3,0,2,0,0,1.5,1,1.333333333,3,2.666666667,3,3,2,2.666666667,0.857142857,1.666666667,0,0,0.111111111,0,0,0.714285714,0.166666667,0,0,0.5,2.666666667,2.125,3, ,0.666666667,3,0.714285714,0,1.333333333
318,2,3,0,0,0,0,0,0,0,0,0,0,0,4,0,0,0,0,0,0,0,2,2,0,3,2,3,2,2,0,1,0,0,0,0,2,0,0,2,2,0,0,3,4,1,4, , ,2, ,0,0,0,0,0,0,0,0,0,0,0,0,0,0,0,0,0,0,0,0,0,0,0,2,3,2,0,2,2,3,1,0,0,1,0,0,0,2,0,0,0,2,0,0,0,0,0,0,1.333333333,2.5,2.333333333,0.333333333,2.5,0,1.333333333,0.285714286,1.333333333,0,0,0,0.1,0,0.285714286,0,0,0,1.125,1.5, ,0.333333333,1.5,0,0.666666667,0.285714286,2,2.333333333
319,4,3,2,0,0,1,0,1,0,1, , ,0,1,0,2,1,1,1,0,0,3,3,0,3,3,1,1,2,3,3,1,1,1,0,1,1,1,2,2,0,2,1,0,0,3, ,1,2,0,1,1,0,0,0,0,0,1,1,2, , ,0,0,0,0,1,0,0,1,2,2,2,2,3,3,1,4,4,3,3,3,4,2,1,1,0,0,1,2,1,2,0,3,1,0,0,1,2,3,1.333333333,2.333333333,3.5,0,1.666666667,0.857142857,1.333333333, ,1,0.555555556, ,0,0.714285714, ,0.5, ,2.125,2.666666667, ,3,2.166666667,2.333333333,1.666666667,0.857142857,2,1.333333333
320,3,3,0,0,0,2,0,0,2,2,0,0,0,2,0,1,0,1,1,2,1,0,0,0,2,2,3,2,4,4,4,4,1,2,0,0,0,2,4,4,0,4,3,3,3,3,3,2,0,0,0,0,0,0,0,0,0,0,0,0,0,0,0,0,1,0,1,0,0,2,1,1, ,0,0,0,0,2,2,2,2,4,4,2,0,4,0,0,0,1,2,2,0,4,1.333333333,0,0,0.5,0,2,3,4,3,1.5,3.333333333,1,1.333333333,0,1,0,0,0,1,0, ,0,0,1,2.125,3.333333333,2.333333333,0.666666667,1.666666667,1.142857143,0,1.666666667
321,2,1,0,0,0,0,0,2,0,3, , ,0,4,1,3,3,2,2,1,4,0,0,0,3,2,3,4,2,0,0,0,0,1,0,0,0,3,3,3,1,0,3,3,4,3,4,4,2,4,0,0,0,0,1,0,0,1,1,2, , ,2,2,2,3,4,3,2,2, ,4,4,0,0,0,0,2,0,3,3,0,0,0,0,1,0,0,0,0,3,3,1,0,0,0,0.5,2.5,0,2.5,3,0,1.5,2.5,3,0.285714286,3, ,2.5,0.222222222, ,2,2.428571429, ,2.5, ,0,1.666666667,3.375,0, , ,2,0.285714286,2,3
322,2,2,0,0,0,0,0,1,1,1,0,0,0,0,0,0,1,0,2,0,0,0,0,0,1,2,4,3,2,1,3,1,0,2,0,0,0,0,0,0,0,1,3,4,3,3, , ,2,1,0,0,0,0,1,0,0,2,3,3,0,0,0,0,0,0,0,1,1, ,1,0,1,0,0,0,0,2,1,2,3,1,4,0,0,1,0,0,0,0,1,1,0,1,0.333333333,0,0,1.5,0,1.5,3,1.666666667,2,0,0,0.428571429,0,0,1, ,0,0, ,2,1,0,0,1.666666667, ,1.666666667, ,0.333333333,0.666666667,0.285714286,2,3
323,4,4,2,0,0,2,0,2,2,2,1,0,2,0,3,0,0,1,0,0,0,0,0,0,3,3,3,3,2,2,3,0,2,2,0,0,0,1,3,3,0,2,3,3,2,2,1,3,1,4,1,1,0,0,1,0,1,0,0,0,0,0,2,2,0,2,1,0,0,1,0,0,1,1,2,0,0,2,2,3,3,2,4,0,1,2,0,0,0,1,3,3,0,2,2,0,2.5,0,0,3,2.666666667,1.666666667,4,0,2.333333333,0.857142857,0.333333333,0.5,2,0.888888889,0.1,1.75,0.285714286,0.166666667,0.5,0,0.375,2.5,2.375,2,1.5,0,2.333333333,0.714285714,2,2.666666667
324,3,3,1,0,0,2,0,2,2,3,0,0,0,2,0,0,0,2,0,0,0,0,0,0,2,3,3,3,2,3,3,0,0,1,0,0,0,0,4,4,0,2,3,3,3,4,3,4,2,1,1,0,0,0,2,0,2,1,1,4,0,0,0,0,2,0,0,0,0,2,0,0,0,0,0,0,0,2,2,0,3,3,3,0,1,1,0,0,0,0,4,4,0,1,1.666666667,0,0,0,0,2.5,2.666666667,2,3,0,2.666666667,0.428571429,1.333333333,0,2.5,1.222222222,0.3,0,0.857142857,1.333333333,0,0,0,1.666666667,2.875,2,2,0,2.666666667,0.428571429,2,2.666666667
325,0,1,1,0,0,3,0,3,2,3, , ,2,4,1,1,3,1,3,1,0,0,2,0,1,2,3,0,2,3,3,0,0,1,0,0,0,0,2,1,0,2,2,3,0,4,4,2,3,4,0,0,0,0,1,0,1,2,2,3, , ,0,0,2,1,1,3,3,1, ,0,3,0,0,3,0,0,0,0,1,2,1, ,0,1,0,0,0,0,1,0,0,2,2,0,1.5,3,0.666666667,1.5,1.666666667,2,0.5,0.5,1,0.428571429,2, ,3,0.333333333, ,0.5, , , , ,0.375,0.833333333,2.75, ,1.333333333, ,0.333333333,0.428571429,2,1.666666667
326,2,2,0,0,0,1,0,0,0,1,1,0,1,3,2, ,1,2,2,0,0,0,0,0,3,3,3,3,2,4,4,0, ,1,0,0,0,0,0,1,0,0,3,3,3,3,4,4,2,0,0,0,0,0,1,0,1,0,0, ,0,1,1,1,2,1,1,1,1,2,0,0, ,2,2,1,2,2,2,2,1,4,4,0,0,1,0,1,1,0,2,2,0,2,0.333333333,0,1.5,1.5,0,3,2.666666667,2.666666667,2,0,0.333333333, , ,0.5,0.5,0.333333333,0.2,1,1.857142857, , ,0.5,2, ,2.75,2.666666667,2.333333333,0,1.333333333,0.714285714,2,2.666666667
327,3,3,1,1,0,1,1,1,0,0,0,1,0,4,0,1,0,0,0,0,0,1,1,0,1,2,3,2,2,1,4,1,0,1,0,0,0,0,2,2,1,2,2,3,3,2,3,3,2,3,1,1,2,0,2,0,2,1,1,1,1,2,0,0,3,0,2,0,0,0,0,0,0,0,0,1,0,4,3,1,3,3,3,2,0,1,0,0,0,1,2,1,2,2,0.666666667,0.666666667,0,0,0.666666667,1.5,2.333333333,2,3,0,1.333333333,0.571428571,1.666666667,0.5,0.5,0.888888889,0.7,0,1.285714286, , ,1.5,0.125,1.833333333,2.625,2.666666667,2.666666667,0,1.333333333,0.714285714,2,2.333333333
328,2,2,1,0,0,1,0,1,1,0,0,0,0,4,0,0,0,0,0,0,0,0,0,0,1,0,4,4,1,0,2,0,0,0,0,0,0,0,0,1,0,0,3,4,3,3,1,3,2,4,0,0,0,0,0,0,1,0,0,0,0,0,0,0,1,0,0,0,0,0,0,0,0,0,0,1,0,1,1,0,0,0,0,0,1,0,0,0,0,0,1,1,0,1,1,0,0,0,0,0.5,3,0.666666667,2,0,0.333333333,0,1.333333333,0,0.5,0.222222222,0,0,1,0.166666667,0,0,0.375,0.666666667,2.875,0,1,0,0.666666667,0.285714286,3,3.666666667
329,1,1,0,0,0,1,0,0,0,0,0,0,0,2,0,1,0,0,0,2,3,0,0,0,2,2,3,3,2,2,3,1,2,1,0, ,0,1,2,1,0,0,2,3,3,2,2,3,2,3,0,0,0,0,1,0,0,0,0,0,0,0,0,0,1,0,0,0,0,0,1,2,0,0,0,0,0,0,0,3,3,3,3,1,1,1,0,0,0,1,2,2,0,0,0.333333333,0,0,0,0,2,2.666666667,2,1,2.5,1.333333333, ,1,0,0,0.111111111,0,0,0.857142857,0,0,0,0,2,2.5,2.333333333,1.5,1,1.666666667,0.285714286,2,2.666666667
330,1,3,0,0,0,1,0,0,1,1, , ,0,0,0,0,0,2,0,1,1,0,0,0,2,2,4,4,1,2,3,1,1,0,0,0,0,0,1,0,0,1,3,4,4,3,1,3,2,3,0,0,0,0,1,0,1,0,0,2,1,0,2,0,2,1,1,0,0,2,1,1,2,0,0,0,0,0,1,1,1,2,3,1,0,1,0,0,0,0,1,0,0,1,0.666666667,0,0,0,0,2,3,2,2,1,0.333333333,0.285714286,0.666666667, ,0.5,0.333333333,0,0.75,1.571428571,0.666666667,0.5,0.5,0,1.166666667,2.875,2,1,0.666666667,0.333333333,0.285714286,3,3.666666667
331,3,4,1,0,0,2,0,2,2,2, ,0,1,4,1,1,0,2,0,2,2,0,4,3,3,3,3,3,2,0,0,1,1,1,0,0,0,1,2,2,1,2,3,3,3,3,3,3,3,3,1,1,0,0,2,1,2,1,1,2, , ,0,1,1,1,1,0,0,4,2,3,0,2,2,4,2,4,4,4,4,0,0,1,1,2,0,0,0,1,2,2,0,2,1.666666667,0,1,0,2.333333333,3,2.666666667,0.333333333,3.5,2,1.666666667,0.714285714,2.333333333, ,2,1.333333333, ,0.5,2, ,0, ,1.875,3.333333333,3,0.333333333,3.5,2,1.666666667,0.714285714,2,2.666666667
332,2,1,0,0,0,1,0,2,1,2,0,1,1,1,0,0,2,1,2,2,1,0,0,0,3,3,3, ,1,3,4,1,1,1,0,0,0,0,3,3,0,2,4,3,3,4,3,3,2,4,1,0,0,0,1,0,1,2,2,3,0,0,0,0,0,0,1,2,1,1,3,1,2,1,0,0,1,1,2,2,2,3,3,1,1,1,0,0,0,0,2,3,0,1,0.666666667,0,0.5,2,0,3, ,2.666666667,1.5,1.5,2,0.571428571,0.666666667,0.5,2,0.666666667,0.2,0.25,0.714285714,1.833333333,1.75,0,0.375,2,3.25,2.333333333,1.833333333,1.666666667,1.666666667,0.428571429,3, 
333,2,2,0,0,0,1,0,1,1,2,0,0,0,4,0,0,0,0,1,1,0,0,0,0,3,3,3,3,2,1,1,0,1,1,0,0,0,0,2,1,0,0,3,3,3,4,4,4,3,0,0,0,0,0,1,0,1,1,1,2,0,0,0,0,0,0,0,1,0,0,1,0,1,0,0,0,0,1,0,2,2,0,0,0,0,0,0,0,0,0,0,0,0,0,0.666666667,0,0,0.5,0,3,2.666666667,0.666666667,2,0.5,1,0.285714286,1.333333333,0,1.5,0.222222222,0,0,0.571428571,0.666666667,0.5,0,0,0.833333333,3,0,1.333333333,0.333333333,0,0,2,2.666666667
334,2,2,2,0,0,1,0,2,1,3, , ,1,1,1,0,2,1,3,1,0,0,1,0,2,3,2,1,2,1,3,0,0,1,0,0,0,0,1,1,0,2,2,2,1,2,3,3,2,2, , ,0,0,1,0, , , ,2, , ,1,1,1,1, ,1,1,0, ,0,3,0,0,1,0,1,2,1,3,0,3,0,0,1,0,0,0,0,2,2,0,2,1.333333333,0,1,2.5,0.333333333,2.5,1.666666667,1.333333333,2,0.5,0.666666667,0.428571429,0.666666667, ,2.5, , ,0.75, , , , ,0.25,2.166666667,2.125,1,1.166666667, ,1.333333333,0.428571429,2,1.666666667
335,2,2,0,0,0,0,0,0,0,1,0,0,1,0,1,0,0,0,2,0,0,0,0,0,3,2,4,4,2,1,3,0,0,1,0,0,0,1,3,3,0,1,4,4,4,4,3,3,3,4,0,0,0,0,0,0,0,0,0,1,0,0,0,0,0,2,0,0,0,0,0,0,2,0,0,0,0,0,0,2,1,2,2,0,0,1,0,0,0,0,3,3,0,0,0,0,1,1,0,2.5,3.333333333,1.333333333,2,0,2.333333333,0.285714286,0,0,0.5,0,0.1,0.5,0.428571429,0.333333333,0.5,0,0,1.5,3.625,1.333333333,1.5,0,2,0.142857143,2,3.333333333
336,3,1,1,0,0,1,0,2,1,2,0,0,0,0,0,0,0,0,0,0,0,0,0,0,1,1,3,2,2,2,2,4,0,3,0,0,0,0,2,2,1,3,2,2,1,2, ,3,1,3,1,1,0,0,1,0,1,1,1,1,0,0,0,0,0,0,0,0,0,0,0,0,0,0,0,1,0,0,0,1,1,2,2,4,0,2,0,0,0,0,3,2,1,4,1,0,0,0,0,1,2.333333333,2.666666667,2,0,1.333333333,1,0,0,2, ,0.2,0,0,0.5,0,0,0.125,0.333333333, ,2.666666667,1.333333333,0,1.666666667,1,2,2.333333333
337,2,2,0,0,0,1,0,1,1,2,0,0,1,0,0,0,1,1,2,0,0,0,1,0,3,4,4,4,0,1,1,0,0,0,0,2,2,0,2,0,0,0,4,3,4,4,3,4,4,4,0,0,0,0,1,0,1,0,0, ,0,0,0,1,0,0,1,2,1,1,2,0,2,0,0,3,0,2,2,4,4,1,3,0,1,0,0,1,3,0,2,1,0,1,0.666666667,0,0.5,1.5,0.333333333,3.5,2.666666667,0.666666667,2,0,0.666666667,0.571428571,0.333333333,0,1.5,0.333333333,0,0.25,0.285714286, ,1.5,0,0.375,2.666666667,3.75,1.333333333,1.5,0.666666667,1,0.857142857,4,4
338,2,1,0,0,0,1,0,1,1,2,0,0,1,2,1,1,2,0,2,0,0,0,1,0,3,4,4,4,2,2,3,0,0,1,0,0,0,0,0,0,0,1,4,4,3,4,3,2,2,2,0,0,0,0,1,0,0,1,1,1,0,0,1,1,1,0,0,1,1,0,1,0,2,0,0,0,0,1,1,2,3,0,3,0,0,1,0,0,0,0,0,0,0,1,0.666666667,0,1,2,0.333333333,3.5,3.333333333,1.666666667,1.5,0,0,0.285714286,1,0,1.5,0.111111111,0,0.5,0.142857143,0.833333333,1.25,0,0.125,1.666666667,3,1,1.166666667,0.333333333,0,0.285714286,2,3.333333333
339,2,2,1,0, ,2,0,2,2,2,0,1,2,3,2,1,2,1,2,0,0,1,1,0,3,2,4,3,2,0,0,0,0,1,0,0,0,1,1,1, ,2,2,3,3,3,2,2,2,2,1,1,0,0,2,0,1,1,3,2,0,0,1,2,2,1,0,1,1,1,0,0,1,0,0,0,0,2,1,3,2,0,0,0,0,1,0,0,0,0,2,1,0,1,1.666666667, ,2,2,0.666666667,2.5,3,0,2,0,1, ,1.666666667,0.5,2,1,0.2,1.25,1.571428571,1.333333333,1,0,0, ,2.375,0,2,0,1,0.285714286,2,3
340,4,4,0,0,0,0,0,0,0,0,0,0,0,2,1,1,0,1,1,2,0,0,0,0,2,3,3,2,3,3,3,1,2,1,0,1,1,2,2,1,0,3,1,2,2,3,3,2,1,2,0,0,0,0,1,0,1,0,0,0,0,0,0,0,1,0,1,0,0,1,1,0, ,0,0,0,0,3,3,2,3,4,4,1,1,1,0,0,0,1,2,1,0,3,0,0,0.5,0.5,0,2.5,2.666666667,2.333333333,4,1,1.666666667,1.142857143,1.333333333,0,0, ,0,0,0.571428571,0.166666667, ,0,0,2.666666667,2,3,3,0.666666667,1.333333333,0.714285714,1,2
341,3,3,1,1,0,2,1,0,3,2,0,0,4,4,4,0,0,0,4,4,4,0,0,0,4,4,2,4,4,4,4,4,0,0,4,4,0,3,4,4,0,4,2,2,4,4,2,4,2,2,1,1,1,1,2,1,3,1,1,4,1,1,0,0,1,0,1,0,0,1,2,2,3,0,0,2,1,4,1,2,2,4,4,4, ,0,4,0,0,0,4,3,0,4,2,0.666666667,4,2,0,4,3.333333333,4,3,4,3.666666667,1.714285714,1.333333333,0,1,1.444444444,0.7,0,0.428571429,1.666666667,0.75,1,0.625,3,2.75,4, ,1.333333333,2.333333333, ,0,2
342,4,4,1,0,0,3,0,1,3,3,2,2,2,0,2,0,1,2,2,3,2,0,0,0,4,4,4,3,2,0,4,0,1,1,0,0,0,0,2,1,0,2,4,3,2,4,3,3,2,1,1,3,0,0,2,0,1,2,1,2,2,2,1,3,1,1,0,1,1,3,1,3,2,0,2,1,2,4,3,4,2,1,4,0,0,0,0,0,0,0,2,2,0,2,2.333333333,0,2,1.5,0,4,3,1.333333333,4,2.5,1,0.571428571,0.666666667,2,2,1.222222222,0.2,1.5,1.285714286,1.666666667,1.25,2,0.875,1.666666667,2.75,1.666666667,3,1.333333333,1.333333333,0.285714286,2,3
343,2,1,0,0,0,0,0,0,1,0,0,0,0,3,1,2,1,1,3,4,3,0,0,0,2,4,3,1,3,2,3,0,0,1,0,0,0,0,3,2,0,1,3,2,1,3,2,3,0,1,0,0,0,0,0,0,0,0,0,0,0,0,2,1,3,1,2,2,2,3,4,4,4,0,0,0,0,0,0,3,3,1,4,0,0,1,0,0,1,0,3,2,0,0,0.333333333,0,0.5,2,0,3,2.333333333,1.666666667,1.5,3.5,1.666666667,0.285714286,2,0,0,0,0,1.25,2.428571429,0.166666667,2,0,0,1.666666667,1.875,1.666666667,1.166666667,2.666666667,1.666666667,0.285714286,1,1.666666667
344,3,2,1,1,0,2,0,1,2,1,1,1,2,3,1,0,2,1,2,1,1,2,2,0,2,2,1,2,3,4,4,2,1,1,0,0,0,1,2,2,1,2,3,3,2,2,3,2,2,3,2,1,0,0,2,0,1,1,1, ,1,1,1,0,1,1,0,1,1,1,1,0, ,0,1,1,1,2,2,2,2,3,3,1,2,2,0,0,0,0,0,1,0,1,1.666666667,0.333333333,1.5,2,1.333333333,2,2,3.333333333,2.5,1,1.666666667,0.714285714,1.333333333,1,1,1.222222222, ,0.75,0.857142857, , ,1,0.375,1.5,2.5,2.333333333,1.833333333,0.333333333,0.333333333,0.714285714,1,1.333333333
345,1,4,0,0,0,0,0,0,0,0,0,0,0,2,0,0,1,1,2,1,1,2,3,1,3,3,3,2,3,0,2,2,1,2,0,1,0,2,3,3,0,1,2,3,3,2,2,1,1,4,0,0,1,0,0,0,0,0,0,0,0,0,0,0,1,0,1,0,0,1,1,0, ,0,0,1,0,0,2,3,3,0,1,2,0,1,0,0,2,1,3,3,0,0,0,0,0,1.5,2,3,2.666666667,1.333333333,2.5,1,2.666666667,0.714285714,1,0,0,0,0.1,0,1,0, ,0,0.375, ,2.25,1,1.5,0.333333333,2.333333333,0.428571429,1,2
346,4,1,0,0,0,0,0,1,1,1,1,1,1,2,1,2,2,4,3,1,1,0,1,0,4,3,3,3,3,2,4,3,0,1,0,0,0,1,3,3,0,4,2,3,3,4,3,2,0,0,0,0,0,0,1,0,1,1,1,1,1,1,0,0,1,0,1,2,1,2, ,0,3,0,0,0,0,4,4,3,3,1,4,2,0,1,0,0,0,0,2,3, ,2,0.333333333,0,1,2.5,0.333333333,3.5,3,3,2.5,1,2.333333333,0.714285714,2.666666667,1,1,0.222222222, ,0, , , ,1,0,2,2.125,2.333333333,2.5, ,1.666666667, ,1,2.333333333
347,2,2,0,0,0,0,0,1,1,1,0, ,1,4,1,0,2,2,1,2,2,0,0,0,3,3,3,3,1,1,3,0,0,0,0,0,0,0,1,0,0,0,3,2,3,4,4, ,2,2,0,0,0,0,0,0, , , ,2,2,2,1,1,1,0,0, , , ,1,1, ,0,0,0,0,2,2,3,4,0,0,0,0,2,0,0,0,0,2,0,0,3,0.333333333,0,1,1.5,0,3,2.333333333,1.333333333,2,2,0.333333333,0,2, ,1, ,0.2,0.5, , , ,2,0,2.5, ,0,2,1,0.666666667,0.714285714,3,3
348,2,2,0,0,0,1,0,0,0, , , ,0,2,0,0,0,1, ,1,1,0,1,0,3,3,2, ,1,0,3,0,0,0,0,0,0,0,0,0,0,0,1,3,1,3,4,1,2,0,0,0,0,0,1,0,0,0,0,0,0,0,0,0,2,0,0,0,0,0,1,1,1,1,0,2,0, ,2,2,3,0,3,0,0,0,0,0,0,0,0,0,0,0,0.333333333,0,0, ,0.333333333,3, ,1,2,1,0,0,1, , ,0.111111111,0,0,0.714285714,0.166666667,0.25,0,0.375,1.5,1.875,1, ,1,0,0,3, 
349,2,3,0,0,0,1,0,0,2,0, , ,1,2,2,1,0,2,0,0,0,3,3,0,4,2,4,0,4,4,4,4,2,2,0,0,0,0,2,2,1,2,2,3,2,4,4,3,0,4,1,0,0,0,0,0,1,0,0,0, , ,1,0,0,1,2,0,0,1,0,0,0,0,1,2,0,1,3,4,2,4,4,4,2,1,0,0,0,0,3,2,1,3,1,0,1.5,0,2,3,2.666666667,4,2.5,0,1.333333333,1,1.666666667, ,0,0.333333333, ,0.5,0.571428571, ,0, ,0.375,2.166666667,2.75,4,1.666666667,0,1.666666667,1,0,1.333333333
350,3,4,1,1,0,1,0,1,1,2,1,1,2,2,0,0,2,0,2,1,0,1,3,2,4,3,2,3,1,1,1,1,0,2,0,0,0,0,0,2,0,4,3,1,3,3,4,1,2,3,1,1,0,0,1,0,1,1,1,2,1,1,2,2,1,1,0,2,1,0,1,2,3,2,3,4,3,2,2,4,4,0,0,1,0,2,0,0,0,1,1,2,0,4,1,0.333333333,1,2,2,3.5,2,1,3.5,0.5,0.666666667,0.857142857,0.666666667,1,1.5,0.777777778,0.2,1.5,0.714285714,1.166666667,1.75,1,1.75,4,2.5,0.333333333,2.666666667,1,1.333333333,0.857142857,3,2.666666667
351,2,2,0,0,0,1,0,0,1,0, , ,0,0,0,0,0,0,1,0,0,3,0,0,4,4,2,2,4,0,1,0,2,2,0,1,1,2,4,4,0,0,3,3,3,4,2,3,0,4,0,0,0,0,1,0,1,0,0,0,1,1,1,0,0,0,0,1,0,0,0,0,1,0,0,0,0,1,1,4,4,0,0,0,1,3,0,0,0,0,2,1,0,0,0.666666667,0,0,0.5,1,4,2.666666667,0.333333333,2,0,3.333333333,0.857142857,0, ,0,0.555555556,0.1,0.25,0,0,0.5,1,0,1.833333333,2.75,0,1.833333333,0,1,0.571428571,0,1.333333333
352,2,4,0,0,0,1,0,2,1,4,1, ,2,2,2,0,2,4,4,1,1,0,2,0,2,3,3,3,1,1,1,0,0,0,0,0,0,1,1,0,0,3,3,3,3,3,3,3,2,0,0,0,0,0,1,0,0,0,0,2,0,0,1,1,2,1,0,4,3,3,2,1,4,0,0,1,0,1,3,2,2,2,2,0,0,1,0,0,0,0,1,1,0,3,0.666666667,0,2,3,0.666666667,2.5,2.333333333,0.666666667,3,1,0.666666667,0.428571429,2, ,3,0.222222222,0.2,1,1.571428571,0.666666667,3.5,0,0.125,1.833333333,2.5,1.333333333,1.833333333,1.333333333,0.666666667,0.571428571,3,3
353,2,2,0,0,0,1,0,0,1,0,0,0,0,2,0,0,2,3,2,2,2,0,1,0,4,4,4,4,1,1,1,0,1,0,0,0,0,0,2,1,1,1,4,4,4,4,3,3,3,4,0,0,0,0,0,0,0,0,0,0,0,0,0,0,1,0,0,2,1,1,2,1,2,0,1,0,0,1,2,4,3,0,1,0,0,0,0,0,0,0,0,0,0,0,0.666666667,0,0,2,0.333333333,4,3,0.666666667,2,2,1,0.428571429,1.666666667,0,0,0,0,0,1,0,1.5,0,0.25,3.333333333,3.625,0.333333333,1.333333333,1.666666667,0,0,3,3.666666667
354,2,1,0,0,0,1,0,1,1,2, , ,0,3,1,2,1,2,2,0,2,0,3,3,2,2,3,1,4,4,4,4,1,4,0,2,1,1,3,3,0,4,2,3,2,4,3,0,0,0,1,1,0,0,1,0,1,3,3,4, , ,1,2,4,1,2,2,2,1,1,1,3,0,0,4,4,2,2,4,3,4,4,4,3,2,0,2,2,0,3,3,0,3,0.666666667,0,0.5,1.5,2,2,2.666666667,4,1.5,1,2.333333333,1.714285714,2.333333333, ,1.5,0.888888889, ,1.25,2, ,2, ,1.375, ,1.75,4,2.333333333,1,2,1.714285714,0,1.333333333
355,1,1,0,0,0,2,0,2,2,3,1,1,1,2,2,0,2,1,2, ,4,0,0,0,3,3,3,3,2,2,4,1,0,2,1,0,0,0,2,1,0,4,2,2,2,3,1,3,1,1,0,0,0,0,2,0,1,3,2,3,0,0,1,1,2,1,0,1,1,1, ,2,0,0,0,0,0,1,0,3,1,2,4,4,0,1,1,1,1,0,1,1,0,4,1.333333333,0,1.5,2,0,3,2.666666667,2.333333333,1, ,1,1,1,1,2.5,0.777777778,0.2,0.75,0.857142857,2,0.75,0,0,0.833333333,1.875,3.333333333,1.666666667, ,0.666666667,1.142857143,2,2.666666667
356,2,2,0,0,0,0,0,0,0,0,0,0,0,0,0,1,0,0,0,0,1,0,1,1,2,2,3,3,2,0,0,1,1,0,0,0,0,0,3,2,0,0,3,4,3,4,3,3,2,4,0,0,0,0,0,0,0,0,0,0,0,0,0,0,0,0,1,0,0,0,1,0,2,0,0,0,0,0,0,2,2,1,0,1,2,0,0,0,0,0,3,3,0,0,0,0,0,0,0.666666667,2,2.666666667,0.333333333,2,0.5,1.666666667,0.142857143,0.333333333,0,0,0,0,0,0.285714286,0,0.5,0,0,1.333333333,3.25,0.666666667,1.833333333,0.333333333,2,0.285714286,2,2.666666667
357,2,2,0,0,0,1,0,1,1,1,0,1,0,2,0,0,1,1,1,0,0,0,0,0,2,2,3,3,2,2,4,0,0,2,0,0,0,0,2,2,0,1,2,3,3,3,3,3,2,1,0,0,0,0,2,0,2,1,1,1,0,1,0,0,1,0,0,1,1,0, , ,2,0,0,0,0,2,1,3,3,1,4,1,0,2,0,0,0,0,2,1,0,0,0.666666667,0,0,1,0,2,2.666666667,2,2,0,1.333333333,0.428571429,1,0.5,1,0.666666667,0,0,0.857142857,1,1.25,0.5,0,1.5,2.5,2,2, ,1,0.285714286,2,2.666666667
358,2,0,0,0,0,2,0,1,1,1,1,1,0,1,0,0,1,1,1,3,2,2,0,0,1,2,3,3,1,2,1,2,0,0,0,0,0,1,2,1,0,1,3,3,3,2,2,3,2,2,0,0,0,0,2,0,1,0,0,1,0,1,1,0,1,0,1,1,1,2,3,1,1,3,1,1,1,1,0,2,2,3,1,3,0,0,0,0,0,2,1,1,0,1,1,0,0,1,0.666666667,1.5,2.333333333,1.666666667,1,2.5,1.333333333,0.142857143,0.666666667,1,1, ,0.3,0.25, ,0.666666667,0.75,0.5,1.125,1.666666667,2.5,2.333333333,1.5,1.333333333,1.333333333,0.142857143,3,3
359,3,3,0,0,1,2,0,1,1,3,1,1,0,1,1,0,0,0,0,0,1,0,0,0,3,2,4,4,1,3,3,0,0,0,0,0,0,0,2,2, ,2,3,3,4,4,4,4,2,2,0,0,1,1,2,1,2,1,1,2,1,1,0,2,0,1,0,0,0,1, ,1,0,0,0,0,0,2,2,3,3,1,3,0,1,0,0,0,0,0,3,2,1,2,1,0.333333333,0.5,0,0,2.5,3,2,3,0.5,1.333333333, ,0.333333333,1,2,0.888888889,0.8,0.75,0.428571429, , ,1,0,1.666666667,3.25,1.333333333,2.333333333, ,1.666666667,0.571428571,3,3.666666667
360,2,3,3,0,0,2,0,4,2,4,1,1,2,2,2,0,2,4,2,1,1,1,2,0,4,3,3,2,2,0,1,1,0,2,0,0,1,1,2,1,0,2,2,3,1,3,3,1,0,3,3,1,0,0,2,0,3,3,3,4,0,1,1,0,0,1,0,1,0,4,1,0,0,0,1,1,0,2,2,4,2,0,1,1,0,2,0,0,0,0,2,0,0,3,2.333333333,0,2,2,1,3.5,2.333333333,0.666666667,2.5,1,1.333333333,0.714285714,2,1,4,1.888888889,0.5,0.5,1.142857143,2,0.25,0.5,0.625,1.666666667,2,0.666666667,2.5,0.333333333,0.666666667,0.714285714,2,2.333333333
361,4,4,1,0,0,2,0,3,2,4, , ,1,3,1,1,0,1,0,1,0,2,2,0,4,3,3,3,1,4,4,1,0,2,0,0,0,2,3,4,0,4,4,3,3,4,3,3,1,4,1, ,0,0,2,0,3,1,1,1, , ,0, ,1,0,0,0,0,1, ,0,0,3,3,1,0,4,4,3,2,4,4,1,0,2,0,0,0,1,3,3,0,4,1.666666667,0,1,0,1.333333333,3.5,2.333333333,3,4,0.5,3,0.857142857,1.666666667, ,3.5, , , ,0.571428571, , , ,1.25,2.666666667,3.125,3,3.333333333, ,2.333333333,0.857142857,3,3
362,3,3,0,0,0,2,0,2,1,3,1,0,0,4,0,1,2,1,3,2,2,0,0,1,2,2,3,3,2,3,4,2,1,1,0,0,0,0,2,3,0,1,3,3,3,3,3,3,2,0,0,0,0,0,2,0,1,2,2,4,0,0,0,0,1,0,1,0,0,0,1,1,0,0,0,0,0,2,2,2,1,2,4,1,0,0,0,0,0,0,0,1,0,0,1,0,0,2.5,0.333333333,2,2.666666667,3,3,2,1.666666667,0.428571429,2,0.5,2.5,0.777777778,0,0,1,1.833333333,0,0,0,1.333333333,2.5,2.333333333,1.5,0.666666667,0.333333333,0,2,2.666666667
363,3,1,0,0,0,1,0,1,0,2,0,0,0,2,0,1,1,0,2,4,1,1,2,0,2,3,3,0,4,3,3,0,0,2,0,0,0,2,3,2,2,0,2,2,1,2,1,1,1,1,0,0,0,0,1,0,1,1,1,2,0,0,0,0,2,0,2,1,0,1,4,2,3,0,2,0,0,3,1,2,4,3,4,1,0,3,0,0,0,2,3,2,1,0,0.333333333,0,0,1.5,1,2.5,2.333333333,2,2,2.5,2.333333333,0.571428571,1,0,1.5,0.222222222,0,0,1.285714286,1,1,0,0.25,1.5,1.375,2.666666667,2,2.333333333,2.333333333,0.571428571,0,1
364,3,3,0,0,0,0,0,0,0,0,0,0,4,4,4,0,2,4,3,1,0,0,1,0,2,1,3,2,4,1,1,0,0,2,0,0,0,1,1,0,0,2,2,4,2,4,4,3,0,2,0,0,0,0,1,0,0,0,0,0,0,0,3,3,4,4,3,1,1,4,3,0,3,1,1,1,0,3,2,2,2,1,1,0,1,1,0,0,0,2,0,1,0,3,0,0,4,2.5,0.333333333,1.5,3,0.666666667,3,0.5,0.666666667,0.571428571,2.666666667,0,0,0.111111111,0,3.5,3.285714286,0,1.5,0,0.625,1.5,2.625,0.666666667,2.5,2,1,0.714285714,0,1.666666667
365,2,2,0,0,0,0,0,0,0,1,1,1,1,1,1,1,1,1,1,1,1,1,2,0,3,2,4,4,1,4,4,0,1,0,0,0,0,0,1,0,0,0,4,4,4,4,4,4,2,3,0,0,0,0,0,0,0,1,1,1,2,2,1,2,2,1,1,1,0,1,1,1,2,0,0,0,0,1,1,3,2,2,3,0,0,0,0,0,0,0,1,1,0,0,0,0,1,1,1,2.5,3,2.666666667,2,1,0.333333333,0.142857143,1,1,0.5,0.111111111,0,1,0.857142857,1.166666667,1,2,0,1.5,3.625,1.666666667,1.166666667,1,0.666666667,0,3,3.666666667
366,2,2,0,0,0,0,0,0,0,0,0,0,0,0,0,0,1,0,1,0,0,2,2,2,4,4,3,2,2,0,0,0,0,1,0,0,0,0,2,2,0,0,2,3,1,4,2,4,2,1,0,0,0,0,0,0,0,0,0,0,0,0,0,0,1,0,0,2,2,0, ,0,4,2,2,3,2,2,3,4,4,0,0, ,1,1,1,0,0,0,3,3,0,1,0,0,0,1,2,4,2.333333333,0,2,0,1.333333333,0.142857143,0,0,0,0,0,0,0.142857143,0, ,0, ,2.5,2.375, ,2.166666667, ,2,0.571428571,2,2.333333333
367,2,3,0,0,0,1,0,1,1,1,0,0,0,1,0,0,1,1,1,1,0,1,3,0,3,3,4,3,1,3,3,0,0,2,0,0,0,0,3,3,0,4,3,4,3,2,2,3,2,4,0,0,0,0,1,0,1,0,0,1,0,0,0,0,1,0,0,1,0,1, ,0,1,0,1,2,0,1,2,3,3,3,3,0,1,2,0,0,0,0,2,2,0,4,0.666666667,0,0,1,1.333333333,3,2.666666667,2,2.5,0.5,2,0.857142857,0.666666667,0,1,0.555555556,0,0,0.571428571,0.666666667,0.5,0,0.375,2,2.875,2,2.666666667, ,1.333333333,1,3,3.333333333
368,0,0,0,1,1,1,0,0,1,1, , ,0,1,0,0,0,2,1,1,1,0,2,1,3,3,3,3,2,2,4,1,1,2,0,0,0,0,3,3,1,1,2,3,3,3,2,3,2,3,0,0,0,0,0,0,0,0,0,1, , ,0,0,2,0,1,0,0,2,1,2,2,0,0,2,0,1,1,2,3,1,4,1,1,2,0,0,0,1,3,3,0,2,0.666666667,0.666666667,0,0.5,1,3,2.666666667,2.333333333,0,1,2,0.714285714,1, ,0.5,0, ,0,1.714285714, ,0.5, ,0.25,1.5,2.625,2,1.833333333,1.333333333,2.333333333,0.714285714,2,2.666666667
369,3,3,0,0,0,0,0,0,0,2,0,0,0,4,0,1,0,1,3,1,0,0,0,0,2,3,3,1,3,4,4,2,0,2,0,0,0,0,2,1,3,3,3,3, ,3,3,3,0,3,0,0,0,0,0,0,0,0,0,2,0,0,0,0,3,0,2,0,0,0,1,0,2,0,0,0,0,4,3,3,3,4,4,2,0,3,0,0,0,0,2,2,3,3,0,0,0,1.5,0,2.5,2.333333333,3.333333333,3,0.5,1,1.142857143,2,0,1,0,0,0,2,0.333333333,0.5,0,0,1.5, ,3.333333333,2.5,0.333333333,1.333333333,1.285714286,1,1.666666667
370,3,3,1,0,0,3,0,3,3,3, , ,0,2,0,1,2,1,2,2,2,0,0,0,2,3,4,2,3,1,4,0,2,1,0,0,0,0,0,2,0,4,2,4,2,2,1,2,0,4,1,1,0,0,4,0,4,1,1,4, , ,0,0,0,2,1,2,2,1,4,4,1,0,0,0,0,4,4,1,1,4,4,0,3,0,0,0,0,0,0,0,0,4,2.333333333,0,0,2,0,2.5,3,1.666666667,3,2,0.666666667,1,1.333333333, ,3,2, ,1.25,1.571428571, ,1.5, ,0,1.166666667,2.125,2.666666667,4,4,0,1,1,2.333333333
371,2,2,0,0,0,1,0,3,1,4, , ,0,1,0,1,0,1,0,2,1,0,1,1,2,3,3,3,2,3,4,2,1,1,0,1,0,1,2,3,1,1,2,3,3,3,3,3,2,3,0,0,0,0,1,0,1,3,3,4, , ,0,0,1,0,1,0,0,1,2,1,0,1,1,0,1,1,1,2,3,3,4,2,1,2,1,1,0,1,2,3,1,2,0.666666667,0,0,0,0.666666667,2.5,2.666666667,3,2,1.5,2,0.714285714,1, ,3.5,0.777777778, ,0,0.714285714, ,0, ,0.75,2.166666667,2.75,3,1.166666667,1.333333333,2,1.142857143,2,2.666666667
372,2,2,0,0,0,2,0,2,2,3, , ,1,4,1,1,0,1,0, ,0,2,2,0,0,2,4,4,2,2,4,2,0,2,0,0,0,0,1,2,0,1,2,4,4,4,2,2,0,0,0,0,0,0,1,0,0,0,1,3, , ,0,0,3,0,1,0,0,0, ,0,0,0,1,0,0,0,0,2,2,3,4, ,0,2,0,0,0,0,1,1,0,2,1.333333333,0,1,0,1.333333333,1,3.333333333,2.666666667,2, ,1,0.428571429,2, ,2.5,0.222222222, ,0.25,1.571428571, , , ,0.375,2.166666667,2.25, ,1, ,0.666666667,0.571428571,2,3.333333333
373,2,2,2,0,0,2,0,3,3,4, , ,3,4,3,0,4,2,4,2,2,4,1,2,4,3,3,3,2,1,4,2,2,1,0,0,0,0,2,2,0,4,3,3,2,4,4, ,1,4,2,3,0,0,2,0,2,2,3,4, , , , ,2,2,0,2,2,3, ,1,2,4,2,0,1,2,1,3,2,1,3,1,1,1,0,0,0,0,2,3,0,1,2.333333333,0,3,4,2.333333333,3.5,2.666666667,2.333333333,2,2,1.333333333,1,2, ,3.5,2.444444444, , ,2.428571429, ,2, ,2.125,1.166666667, ,1.666666667,2.5, ,1.666666667,0.428571429,2,2.666666667
374,2,2,0,0,0,0,0,0,1,0,0,0,0,1,0,0,0,1,0,2,0,0,0,0,4,4,3,3,1,2,2,1,0,0,0,0,0,0,2,2,0,1,3,4,4,3,4,4,2,4,0,0,0,0,0,0,0,0,0,0,0,0,0,0,1,0,0,0,0,0,3,0,0,0,0,0,0,2,2,4,4,0,2,0,0,0,0,0,0,0,2,1,0,1,0.333333333,0,0,0,0,4,2.333333333,1.666666667,2,1,1.333333333,0.142857143,0.666666667,0,0,0,0,0,0.142857143,0.166666667,0,0,0,1.666666667,3.5,0.666666667,1.333333333,1,1,0.142857143,3,3
375,2,3,0,2,0,2,0,3,2,4,0,2,0,0,0,1,2,2,3,0,0,4,0,0,4,4,2,2,2,2,2,0,2,2,1,0,0,1,2,2,0,3,3,3,3,4,3,3,1,1,0,0,2,0,1,0,1,3,3,2,0,1,0,0,0,0,0,0,0,1,1,1,1,0,0,0,0,1,1,4,4,3,3,1,2,2,0,0,0,1,2,2,0,3,1.333333333,0.666666667,0,2.5,1.333333333,4,2,1.333333333,2.5,0,1.666666667,1.142857143,1,1,3.5,0.333333333,0.5,0,0.285714286,1.833333333,0.25,0.5,0,3.333333333,2.625,2.333333333,1.833333333,0.666666667,1.666666667,1,2,2
376,2,2,0,0,0,1,0,0,0,0, , ,0,1,0,0,0,1,0,0,0,0,0,0,2,3,3,3,1,0,3,0,0,0,0,0,0,0,2,1,0,0,4,4,4,4,4,2,3,0,0,0,0,0,1,0,0,0,0,0, , ,0,0,1,0,0,0,0,1,0,0,0,0,0,0,0,1,1,3,2,0,3,0,0,1,0,0,0,0,2,1,0,2,0.333333333,0,0,0,0,2.5,2.333333333,1,2,0,1,0,0.666666667, ,0,0.111111111, ,0,0.571428571,0.166666667,0, ,0,1.5,3.125,1,1,0,1,0.428571429,3,3
377,3,3,2,0,0,3,0,1,3,1, , ,0,0,0,0,0,0,0,0,0,3,3,0,4,4,3,2,3,3,3,2,1,1,0,0,0,0,2,2,0,2,2,3,1,3, ,3,1,2,1, ,0,0,4,0,3, , , , , ,1, ,1,1,1, , ,0, ,0, ,2,2,3,3,4,4,4,4,3,3,1,1,2,0,1,1,1,2,2,0,2,2.666666667,0,0,0,2,4,2.666666667,2.666666667,3,0,1.333333333,0.571428571,0, ,1, , , ,0.857142857, , , ,1.75, , ,2.333333333,3.666666667, ,1.666666667,1,1,2
378,3,3,2,0,0,2,0,2,1,3, , ,3,4,3,0,3,1,3,0,0,0,0,0,2,4,3,2,3,2,4,1,0,2,0,0,0,0,2,2,0,2,3,3,2,4,2,2,2,1,2, ,0,0,1,0,1,2,2,3, , ,1, ,1,2,0,3,2,1,1,0,3,0,0,0,0,2,2,2,3,3,4,1,1,2,0,0,0,0,1,1,0,2,1.666666667,0,3,3,0,3,2.666666667,2.333333333,3,0,1.333333333,0.571428571,1.666666667, ,2.5, , , ,1.428571429, , , ,0, ,2.375,2.666666667,1.666666667,0.333333333,0.666666667,0.714285714,1,2
379,4,4,0,0,0,4,0,2,2,4, , ,2,4,2,0,4,4,4,4,0,0,4,0,4,4,4,3,3,0,3,0,0,0,0,0,0,0,4,1,0,4,3,3,3,4,4,3,1,2,2,2,0,0,3,0,2,2,0,2,0,1,3,3,0,3,1,2,4,3,2,2,3,3,3,0,0,3,3,4,4,0,0,1,1,0,0,0,0,2,2,0,0,2,2,0,2,4,1.333333333,4,3.333333333,1,4,2,1.666666667,0.571428571,2.666666667, ,3,1.777777778,0.6,3,1.571428571,1.166666667,2.75,0.5,1.125,3,2.875,0.333333333,2.833333333,1.333333333,1.333333333,0.428571429,1,2.666666667
380,0,1,0,0,0,1,0,0,1,1, , ,0,3,0,1,1,2,1,1,1,0,0,0,2,2,3,2,3,2,3,2,1,2,0,0,0,1,1,2,0,2,2,3,3,2,3,3,1,3,0,0,0,0,1,0,0,0,0,0,1,1,0,0,0,0,0,1,0,1,0,1,1,0,0,0,0,0,0,2,2,0,4,2,1,2,0,0,0,1,1,2,0,1,0.666666667,0,0,1,0,2,2.666666667,2.333333333,0.5,1,1.333333333,0.714285714,2, ,0.5,0.111111111,0,0,0.571428571,0.166666667,0.5,1,0,1.166666667,2.5,2,1.333333333,0.333333333,1.333333333,0.571428571,1,2
381,2,0,0,2,2,3,2,3,1,4, , ,0,2,0,0,2,1,2,4,4,0,0,0,3,3,3,2,3,1,3,0,1,2,1,0,0,1,2,2,0,0,3,3,3,3,2,3,2,2,0,0,1,1,2,1,0,3,3,4, , ,0,0,1,0,0,0,0,1,4,3,0,0,0,0,0,2,0,3,3,0,2,0,1,2,0,0,0,1,1,1,0,0,1.333333333,2,0,2,0,3,2.666666667,1.333333333,1,4,1.666666667,0.571428571,1, ,3.5,0.333333333, ,0,1.142857143, , , ,0,2.5,2.625,0.666666667,2,2.333333333,1,0.428571429,1,2
382,2,2,2,0,0,2,0,2,2,3,3,3,0,2,0,2,2,1,3,0,0,0,0,0,3,3,3,3,2,0,0,0,0,1,0,0,0,0,2,1,1,4,3,4,4,3,4,2,2,4,1,0,0,0,2,0,3,3,3,4,2,2,0,0,3,0,3,1,1,0,1,0,2,0,0,0,0,2,2,2,2,0,1,0,0,1,0,0,0,0,1,1,1,2,2,0,0,2.5,0,3,2.666666667,0,2,0,1,0.857142857,1.666666667,3,2.5,1,0.3,0,1.714285714,2.666666667,1.25,2,0,1.5,3.25,0.333333333,2.5,0.333333333,0.666666667,0.571428571,2,2.666666667
383,3,2,0,0,0,0,0,0,1,0,0,0,0,1,0,0,1,0,1,0,0,1,0,0,3,3,3,2,3,0,3,1,2,2,0,1,1,1,3,3,2,1,1,3,1,4,3,3,3,4,0,0,0,0,1,0,1,1,1,0,0,0,0,0,1,0,0,1,1,1, ,1,2,0,0,0,0,1,0,3,2,1,2,0,1,1,0,0,0,1,2,3,1,1,0.333333333,0,0,1,0.333333333,3,2.666666667,1.333333333,2.5,0,2.333333333,1.285714286,0.333333333,0,0,0.333333333,0.1,0,0.285714286,0.333333333,1,0,0,2.333333333,2.75,1,1.5, ,2,0.571428571,1,2
384,0,0,0,0,0,1,0, ,4,4,2,2,0,0,0,0,0,0,0,0,0,0,0,0,1,1,3,0,4,1,4,4,2,1,1,1,0,0,0,0,0,2,2,2,0,2,1,1,0,0,0, ,0,0,2,0,3, , ,4,1,1,0, ,0,1,0,2,0,1, ,1,3,0,0,0,0, ,0,0,1,3,4,4,2,0,0,0,0,0,1,1,0,2,1.666666667,0,0,0,0,1,2.333333333,3,0,0,0,1,0,2, , ,0.3, , , , ,1,0,0.5,1,3.666666667, , ,0.666666667,0.571428571,0,1
385,3,3,0,0,0,1,0,0,1, ,0,0,0,0,0,0,0,0,0, , ,0,2,2,3,3,3,2,1,3,3,2,1,1,0,0,0,0,2,1,1,1,3,4,3,3,3,3,3,1,0,0,0,0,2,0,2,0,0,0,0,0,0,0,0,0,0,0,0,0,0,0,0,0,0,0,2,2,2,4,4,2,4,1,0,1,0,0,0,0,1,1,2,0,0.666666667,0,0,0,1.333333333,3,2,2.666666667,3, ,1,0.571428571,0,0, ,0.666666667,0,0,0,0.333333333,0,0,0.5,2.666666667,2.875,2.333333333,1.833333333,0,0.666666667,0.428571429,3,2.666666667
386,3,0,0,0,0,0,0,0,0, ,0,0,0,2,1,0,0,3, ,1,1,0,0,0,0,3,3,2,3,4,4,0,1, ,0,0,0,0,4,4,4,4,4,3,1,4,4,4,2,4,0,0,0,0,0,0,0, , , ,0,0, , ,2,0,0, , ,3,0,0, ,0,0,0,0, , ,1,2,4,3, ,1,2, ,0,0,0,4,4,2,2,0,0,0.5, ,0,1.5,2.666666667,2.666666667,1.5,1,2.666666667, ,1.666666667,0, ,0,0, , , , ,0,0,1.666666667,3.25, , ,0,2.666666667, ,1,2
387,3,4,1,0,0,2,0,3,1,4,1,0,0,2,0,0,1,1,1,0,1,1,2,0,1,1,3,3,2,1,4,1,0,2,0,0,0,0,1,2,0,2,4,3,2,3,3,3,2,1,0,0,0,0,2,0,0,3,3, ,0,0,1,0,3,0,1,0,0,2,0,1,1,1,2,0,0,2,4,2,2,2,4,3,0,2,0,0,0,0,1,2,0,3,1.333333333,0,0,1,1,1,2.666666667,2,3.5,0.5,1,0.571428571,1,0.5,3.5,0.333333333,0.1,0.25, , ,0.25,0,0.5,1.333333333,2.625,3,2.166666667,0.333333333,1,0.714285714,2,2.666666667
388,4,3,0,0,0,0,0,0,0,1, , ,0,2,0,0,0,2,1,2,1,0,0,0,2,3,1,1,3,0,0,0,0,0,0,0,0,0,2,2,0,0,3,3,3,3,3,3,2,3,0,0,0,0,0,0,0,0,0,0,0,0,0,0,1,0,1,0,0,1,0,0,0,0,0,0,0,3,3,2,3,1,1,1,2,2,0,0,0,0,3,3,1,0,0,0,0,0.5,0,2.5,1.666666667,0,3.5,1.5,1.333333333,0,1.333333333, ,0.5,0,0,0,0.428571429,0,0,0,0,2.166666667,2.875,1,2.833333333,0,2,0.714285714,1,1
389,3,3,0,0,0,2,0,1,2,2, , ,1,1,1,1,2,2,3, ,0,0,0,0,3,3,3,2,2,3,3,1,1,2,0,0,0,0,2,2,0,0,3,3,2,4,3,3,2,4,1,1,0,0,1,0,1,1,1,1, , ,2,3,0,2,1,2,2,2, ,0,2,1,0,1,0,1,0,2,3,3,3, ,1,2,0,0,0,0,3,1,0,1,1.333333333,0,1,2.5,0,3,2.333333333,2.333333333,3, ,1.333333333,0.428571429,1.333333333, ,1.5,0.666666667, ,1.75,0.571428571, ,1.5, ,0.25,1.666666667,3, ,1.166666667, ,1.333333333,0.571428571,2,2.333333333
390,2,2,2,1,0,2,0,2,2,2, ,0,2,2,2,0,2,1,3,3,2,1,1,0,3,4,3,2,2,4,4,2,1,1,0,0,0,0,1,1,0,3,3,3,3,3,4,3,1,2,1,1,0,0,1,0,1,2,2,3, ,0,2,2,2,1,0,2,2,1,3,2,3,2,2,2,0,3, ,3,4,4,4,0,0,1,0,0,0,0,1,2,0,3,2,0.333333333,2,2.5,0.666666667,3.5,2.333333333,3.333333333,2,2.5,0.666666667,0.714285714,1, ,2, ,0.4,1.5, , ,2.25, ,1.125,2.666666667,2.75,2.666666667, ,1.666666667,1,0.571428571,2,2.333333333
391,3,3,1,0,0,1,0,1,1,1, , ,2,0,2,1,1,0,2,2,0,0,1,1,3,3,3,3,2,3,3,1,1,2,0,0,0,1,3,3,1,1,3,3,3,3,3,4,2,3,1,1,0,0,1,0,1,1,1,1, , ,1,1,1,1,1,0,0,1,1,0,1,0,1,1,0,3,3,3,3,3,4,3,1,2,0,0,0,1,3,3,1,2,1,0,2,1.5,0.666666667,3,2.666666667,2.333333333,3,1,2.333333333,0.714285714,0.333333333, ,1, , ,1,0.857142857, , , ,0.375, ,3,3.333333333,3,0.666666667,2.333333333,0.857142857,2,2.666666667
392,2,1,0,0,0,0,0,0,0,0, , ,0,4,0,0,0,0,0,2,0,0,0,0,4,3,0,0,4,4,4,4,0,2,0,0,0,0,0,0,0,0,2,0,1,2,1,0,0,0,0,0,0,0,0,0,1,0,0, , , ,0,0,4,0,3,0,0,3, , , ,0,3,0,0,2,2,4,3,4,4,4,0,2,0,0,0,0,0,1,0,0,0,0,0,0,0,3.5,1.333333333,4,1.5,1,0,0.285714286,1.333333333, ,0,0.222222222, ,0, , , , ,0.375,2.166666667,0.75,4,1.5, ,0.333333333,0.285714286,0,0
393,3,3,0,0,0,0,0,0,0,0,0,0,0,1,0,1,1,0,0,2,0,1,1,0,3,3,3,3,1,0,1,0,0,0,0,0,0,0,2,1,0,0,3,3,4,3,3,3,3,4,0,0,0,0,0,0,0, , ,0,0,0,0, ,1,0,0, , ,0,1,0, ,0,2,1,0,4,4,4,2,0,1,0,0,0,0,0,0,0,3,3,0,1,0,0,0,0.5,0.666666667,3,2.333333333,0.333333333,3,1,1,0,0.666666667,0,0,0.111111111,0, ,0.285714286, , ,0,0.375,2.166666667,3.25,0.333333333,3.5,0.333333333,2,0.142857143,3,3
394,2,2,0,0,0,2,0,2,1,4, , ,0,3,1,1,0,1,0,2,2,2,1,0,2,2,3,3,3,2,4,1,0,1,0,1,0,1,2,2,0,2,2,4,4,3,4,3,1,2,0,0,0,0,2,0,1,3,3,4, , ,1,0,2,0,1,2,0,1,1,2,0,2,0,1,0,1,1,2,2,1,4,1,1,1,0,0,0,0,2,2,0,1,1,0,0.5,0,1,2,3,2.333333333,2,2,1.666666667,0.571428571,1.666666667, ,3,0.666666667, ,0.25, , , , ,0.75, ,2.875,2,1.5,1,1.333333333,0.428571429,1,2.333333333
395,2,2,0,0,0,1,0,1,1,1,0,0, ,3,0,2,1,3,2,1,1,0,0,0,3,2,3,2,2,1,1,0,0,2,0,0,0,0,1,1,0,0,3,4,1,3,3,2,1,1,0,0,0,0,1,0,1,0,0,1,0,0,0,0,2,0,2,0,0,1,1,1,2,1,0,0,0,2,2,3,2,2,2,0,0,1,0,0,0,1,1,1,0,0,0.666666667,0, ,1.5,0,2.5,2.333333333,0.666666667,2,1,0.666666667,0.285714286,2.666666667,0,1,0.333333333,0,0,1,0.166666667,0.5,0,0.125,1.166666667,2.25,1.333333333,2,1,1,0.142857143,2,2.333333333
396,3,3,0,0,0,0,0,0,0,0,0,0,4,3,4,0,4,4,4,0,0,4,4,0,4,4,0,2,2,0,1,0,0,3,1,0,0,1,0,1,0,2,3,0,2,3,4,3,2,0,0, ,0,0,0,0,0, , , ,0, ,3, ,4,2,0, , ,3, ,0, ,3,2,2,0,3,3,3,3,0,1,0,0,3,1,0,0,1,2,2,0,1,0,0,4,4,2.666666667,4,1.333333333,0.333333333,3,0,0.666666667,0.857142857,2.333333333,0,0, , , , , , , ,1,1.833333333,2.125,0.333333333,1.666666667, ,1.666666667,0.714285714,2,1.333333333
397,3,3,1,0,0,2,0,1,2,2, , ,0,4,0,0,0,1,2,1,1,0,0,0,2,2,3,2,3,0,4,2,0,1,0,0,0,0,3,2,0,1,2,3,2,3,3,2,2,2,1,1,0,0,2,0,1,1,1,2, , ,0,0,3,0,0,1,1,1,0,0,2,0,0,0,0,3,3,2,2,1,4,2,0,1,0,0,0,0,2,1,0,1,1.666666667,0,0,1,0,2,2.666666667,2,3,1,1.666666667,0.285714286,1.666666667, ,1.5,1.111111111, ,0,1.428571429, ,1.25, ,0,1.5,2.375,2.333333333,2.666666667,0,1,0.285714286,1,2
398,2,2,0,2,0,1,3,0,1,2,1,2,2,1,1,1,2,2,3, ,0,0,0,0,3,4,3,3,2,0,4,0,0,1,0,0,0,0,2,1,0,2,4,3,3,3,3,3,2,1,0,0,3,1,1,2,1,0,0,2,2,2,2,2,2,2,1,2,2,2,3,2,3,0,0,0,0,2,2,3,3,2,4,0,0,1,0,0,0,1,2,0,0,2,0.666666667,1.666666667,1.5,2.5,0,3.5,2.666666667,1.333333333,2, ,1,0.428571429,1.333333333,1.5,1,0.444444444,0.9,2,1.571428571,0.833333333,2,2,0,2.666666667,2.75,2,1.833333333,2,1,0.428571429,2,2.666666667
399,3,3,0,0,0,0,0,1,0,1, , ,0,1,0,0,1,0,1,1,0,0,0,0,3,3,3,4,1,2,3,0,0,1,0,0,0,0,0,1,0,0,3,4,4,4,4,1,2,1,0,0,0,0,0,0,0,0,0,1,0,0,0,0,1,0,1,0,0,0,0,0,1,0,0,0,0,2,1,4,4,2,3,0,0,1,0,0,0,0,1,1,0,0,0,0,0,1,0,3,2.666666667,1.666666667,3,0.5,0.333333333,0.142857143,0.333333333, ,1,0,0,0,0.714285714,0.333333333,0.25,0,0,2.666666667,2.875,1.666666667,1.833333333,0,0.666666667,0.142857143,3,3.333333333
400,2,2,0,0,0,0, ,0,0,0, , ,1,1,1,1,1,1,1,1,1,0,0,0,4,3,3,3,2,2,2,1,2,1,0,0,0,0,2,2,1,1,3,3,2,2,3,3,2,3,0,0,0,0,0,0,0,0,0,0, , ,1,1,0,1,0,0,0,0, , ,1,0,0,0,0,1,1,2,2,0,2,1,2,0,0,0,0,0,3,2,1,0,0, ,1,1,0,3.5,2.666666667,1.666666667,2,1,1.333333333,0.714285714,1, ,0,0, ,0.75,0.142857143, , , ,0,1.166666667,2.625,1,1.833333333, ,1.666666667,0.428571429,2,2.666666667
401,4,4,0,0,0,1,0,0,1,0,0, ,0,1,0,0,0,1,0,3,2,2,0,0,3,3,3,3,3,3,3,1,1,2,0,0,0,0,3,2,1,2,2,3,3,3,1,1,1,3,0,0,0,0,2,0,2,0,0,0,0,0,0,0,3,0,1,0,0,1,3,2,1,2,1,1,0,3,3,3,3,4,4,1,1,2,0,0,0,0,3,3,0,2,0.666666667,0,0,0,0.666666667,3,3,2.333333333,4,2.5,1.666666667,0.857142857,0.666666667, ,0,0.666666667,0,0,1,0.166666667,0.25,0,1,2.5,2.125,3,3,2,2,0.714285714,1,2.333333333
402,3,2,2,2,0,2,0,3,2,3,0,2,3,3,3,0,0,2,0,4,2,0,0,0,0,3,0,2,3,2,2,3,0,2,4,4,4,0,3,1,0,4,3,0,2,3,3,3,1,2,2,0,0,0,2,0,2,3,1, ,1,1,4,4,2,1,0,0,0,3,4,2, ,0,0,0,1,4,3,1,3,1,1,2,1,1,4,4,4,0,2,1,0,4,2,0.666666667,3,0,0,1.5,1.666666667,2.333333333,2.5,3,1.333333333,2.571428571,1.666666667,1,3, ,0.4,2.75,1.857142857, , ,1, ,2.666666667,2.125,1.333333333,2.833333333,2.666666667,1,2.571428571,1,1
403,3,3,0,0,0,1,0,1,1,2, , ,1,1,1,1,1,1,2,1,0,0,1,0,1,2,3,3,2,2,3,0,0,0,0,0,0,1,2,3,1,1,3,3,3,2,3,3,2,4,0,0,1,0,2,0,1,1,1,2,0,0,0,0,0,1,1,1,1,1, ,0,1,0,0,0,0,4,2,1,2,3,2,1,0,2,0,0,0,0,2,0,0,3,0.666666667,0,1,1.5,0.333333333,1.5,2.666666667,1.666666667,3,0.5,2,0.285714286,1, ,1.5,0.666666667,0.2,0.25,1.142857143,0.833333333,0.75,0,0,1.166666667,2.875,2,2.5, ,0.666666667,0.714285714,2,2.666666667
404,3,3,0,2,0,0,0,1,0,2,2,2,0,0,0,0,1,0,2,3,1,1,1,1,3,3,2,1,4,0,0,2,1,3,2,4, ,3,2,2,0,2,2,1,1,2,1,1,0,1,0,0,1,1,1,1, ,0,0,2,1,1,0, ,0,0,1,0,0,1,3,2,2,2,2,2,1,3,3,2,3,0,0,2,3,2,4,4,2,2,2,2,0,4,0,0.666666667,0,1.5,1,3,2.333333333,0.666666667,3,2,2.333333333, ,0,2,1.5, ,0.5, ,0.571428571,0.333333333,0.5,1,1.5,1.833333333,1.125,0.666666667,2.166666667,2,2,2.714285714,0,1
405,3,3,1,0,0,1,0,1,1,1,0,0,0,1,0,0,1,1,0,1,1,0,0,0,2,3,3,3,2,3,4,1,1,1,0,0,0,2,3,3,2,2,3,4,3,3,4,4,1,1,0,0,0,0,0,0,1,1,1,2,0,0,0,0,1,0,0,0,0,0, ,0,0,0,0,0,0,1,1,3,2,2,4,1,2,1,0,0,0,1,2,3,2,2,1,0,0,0.5,0,2.5,2.666666667,2.666666667,3,1,2.666666667,0.857142857,0.666666667,0,1,0.444444444,0.1,0, ,1.166666667,0,0,0, ,2.875,2.333333333,1.666666667, ,2,1,2,2.666666667
406,2,2,0,0,0,1,0,0,0,1, ,0,0,4,1,0,0, ,1,0,0,1,1,0,2,2,3,4,2,2,4,0,1,2,0,0,0,0,1,1,0,1,3,4,4,4,4,1,3,1,0,0,0,0,2,0, ,1,0,1, , ,1,1,0,1, ,1,1,0,1,0,0,0,0,2,0,1,1,2,2,0,4,0,0,1,0,0,0,0,0,1, ,0,0.333333333,0,0.5,0.5,0.666666667,2,3,2,2,0,0.666666667,0.571428571, , ,0.5, , ,1, , ,0.5, ,0.25,1.166666667,3,1.333333333, ,0.333333333,0.333333333, ,2,3
407,2,0,0,0,0,1,0,0,0,0,0,0,0,0,0,1,0,0,0,1,0,0,1,0,3,3,4,4,1,0,0,1,1,0,0,0,0,0,3,3,0,1,4,4,4,4,4,4,4,3,0,0,0,0,1,0,0,0,0,0,0,0,0,0,0,0,1,0,0,0,0,0,0,0,1,1,0,2,1,4,4, , , ,2,0,0,0,0,0,4,4,0,1,0.333333333,0,0,0,0.333333333,3,3,0.333333333,1,0.5,2,0.285714286,0.333333333,0,0, ,0.1,0,0.142857143, , ,0,0.25,2,3.875, , ,0,2.666666667,0.428571429,3,3.666666667
408,2,0,0,0,0,1,0,1,0,2,0,0,0,1,1,0,0,0,0,1,1,0,1,0,2,2,3,3,2,2,1,0,0,1,0,0,0,0,0,0,0,1,3,4,3,4,4,4,1,0,0,0,0,0,0,0,0,1,1,1,0,0,0,1,1,1,0,0,0,0,1,0,1,0,1,1,0,1,1,1,2,2,3,0,0,2,0,0,0,0,2,0,0,0,0.333333333,0,0.5,0,0.333333333,2,2.666666667,1,1,1,0,0.285714286,0.333333333,0,1.5,0,0,0.5,0.714285714,0.5,0.25,0, ,1.333333333,2.875,1.666666667,1.833333333,0.333333333,0.666666667,0.285714286,2,2.666666667
409,3,3,1,0,0,2,0,3,2,4,1,1,0,1,1,0,2,0,3,1,1,0,1,0,2,2,3,2,3,3,4,1,0,3,0,0,0,1,2,2,0,3,2,3,3,4,4,3,1,3,0,0,0,0,2,0,1,3,2,3,0,0,0,0,1,1,1,2,0,1,0,0,3,1,0,1,0,2,2,3,2,3,4,1,1,3,0,0,0,1,2,2,0,1,1.666666667,0,0.5,2.5,0.333333333,2,2.666666667,2.666666667,3,1,1.666666667,0.857142857,0.333333333,1,3.5,1,0.2,0.5,1,2,1.5,0,0.25,1.833333333,2.875,2.666666667,2.333333333,0,1.666666667,0.714285714,1,2
410,3,1,0,0,0,1,0,1,1,3,2,1,1,2,0,0,2,1,3,0,0,1,0,0,3,4,2,1,1,0,4,0,0,0,0,0,0,0,0,0,0,0,3,2,2,4,4,4,3,0,1,1,0,0,1,0,1,2,2,4,1,1,1,1,1,0,0,1,1,1, ,0,2,1,0,0,0,2,1,3,3,1,4,0,0,0,0,0,0,0,2,2,0,1,0.666666667,0,0.5,2.5,0.333333333,3.5,1.333333333,1.333333333,2,0,0,0,1,1.5,2,0.555555556,0.3,0.5, ,1.833333333,1.25,1,0.125,2.166666667,2.75,1.666666667,1.833333333, ,1.333333333,0.142857143,3,2
411,2,0,0,0,0,0,0,1,0,0,1,1,0,0,0,0,1,0,0,0,0,0,3,0,4,4,3,3,1,1,0,0,0,0,0,0,0,0,2,1,0,2,4,3,2,4,2,2,3,1,0,0,0,0,0,0, ,0,0,1,0,1,1,0,0,0,0,1,1,0,0,0,1,0,1,2,0,0,0,4,4,0,1,0,0,0,0,0,0,0,1,3,0,2,0,0,0,0.5,1,4,2.333333333,0.333333333,1,0,1,0.285714286,0,1,0.5, ,0.1,0.25,0, ,0.75,0.5,0.625,2.666666667,2.625,0.333333333,1.333333333,0,1.333333333,0.285714286,3,3
412,1,2,0,0,0,1,0,0,0,0,0,0,0,0,0,0,0,0,0,0,0,0,0,0,3,3,4,4,1,0,3,0,0,0,0,0,0,0,2,2,0,0,3,4,4,4,4,4,4,3,0,0,0,0,1,0,0,0,0,0,0,0,0,0,0,0,0,0,0,0,0,0,0,0,0,0,0,1,1,2,4,0,3,0,0,0,0,0,0,0,2,2,0,0,0.333333333,0,0,0,0,3,3,1,1.5,0,1.333333333,0,0,0,0,0.111111111,0,0,0,0,0,0,0,1.5,3.75,1,1.666666667,0,1.333333333,0,3,3.666666667
413,3,3,1,0,0,2,0,0,1,2,0,0,0,0,1,0,0,0,1,4,1,0,2,0,4,3, ,1,2,3,3,1,0,1,0,1,0,0,1,1,0,0,2,3,2,3,1,3,2,3,0,0,0,0,1,0,1,0,0,1,0,0,1,0,0,1,0,1,0,0,4,1,2,0,3,2,0,2,2,4,4,2,3,1,0,1,0,0,0,1,1,2,0,1,1.333333333,0,0.5,0.5,0.666666667,3.5, ,2.333333333,3,2.5,0.666666667,0.285714286,0,0,1,0.444444444,0.1,0.5,0.285714286,0.333333333,0.75,0,0.75,1.833333333,2.375,2,1.833333333,1.666666667,1.333333333,0.285714286,2, 
414,2,1,0,1,1,0,1,0,0,0,0,0,0,0,0,1,0,0,0,0,0,0,0,0,4,2,4,4,1,4,0,1,0,0,0,0,0,0,3,4,0,0,4,4,4,3,1,4,3,2,0,0,2,0,1,1, ,1,1,1,0,0,0,0,1,0,1,0,0,0,0,1,0,0,0,0,0,1,1,3,1,1,1,1,0,1,0,0,0,0,3,4,0,1,0,1,0,0,0,3,3,1.666666667,1.5,0,2.333333333,0,0.333333333,0,0, , ,0,0.428571429,0.5,0,0,0,1.5,3.125,1,1,0.333333333,2.333333333,0.285714286,3,3.666666667
415,3,3,1,0,0,2,0,2,3,1,4,3,2,2,0,2,0,2,3,1,0,0,2,0,4,3,2,1,1,3,3,1,2,1,1,0,0,2,4,4,2,3,3,2,1,4,2,3,2,0,0,0,0,0,2,0,2,3,3,3,3,3,1,1,2,0,1,1,1,3,1,0,2,1,1,1,0,2,2,4,3,4,4, ,2,0,0,0,0,2,3,4,1,4,2,0,1,1.5,0.666666667,3.5,1.333333333,2.333333333,3,0.5,3.333333333,1.285714286,2,3.5,1.5,0.555555556,0.1,0.75,2,2.333333333,1.25,3,0.625,2.333333333,2.125, ,2.833333333,0.333333333,3,1,3,2
416,3,3,0,0,0,2,0,0,0,1,2,1,1,1,0,0,0,1,0,2,2,1,3,0,3,3,3,3,2,2,3,1,1,1,0,0,0,1,3,3,3,3, , , , , , , , , , , , , , , , , , , , , , , , , , , , , , , , , , , , , , , , , , , , , , , , , , , , ,0.666666667,0,0.5,0,1.333333333,3,2.666666667,2,3,2,2.333333333,1.142857143,0.666666667,1.5,0.5, , , , , , , , , , , , , , , ,2,2.666666667
417,2,1,0,0,0,0,0,0,0,0,0,0,0,1,0,0,0,0,0,0,0,2,2,0,3,4,4,2,2,4,4,3,1,2,0,1,1,1,3,2,2,0,3,4,3,4,2,3,3,3,0,0,0,0,0,0,0,0,0, ,0,0,0,0,0,0,0,0,0,1, ,1, ,0,2,0,0,2,2,3,3,4,4,4,1,1,0,0,0,0,3,2,1,0,0,0,0,0,1.333333333,3.5,2.666666667,3.666666667,1.5,0,2,1,0.333333333,0,0,0,0,0,0.428571429, , ,0,0.5,1.833333333,3.125,4,1.833333333, ,1.666666667,0.428571429,2,2.666666667
418,2,2,3,0,0,3,0,2,3,1,0,0,3,0,3,0,1,1,1,0,0,4,4,0,2,1,2,1,3,1,3,0,0,2,0,0,0,0,2,3,0,3,2,3,1,3,2,2,1,1,1,1,0,0,3,0,3,0,0,0,0,0,2,2,0,3,0,0,0,1, , ,1,1,1,4,0,1,1,2,3,0,3,1,0,3,0,0,0,1,2,2,0,3,3,0,3,1,2.666666667,1.5,2,1.333333333,2,0,1.666666667,0.714285714,0.333333333,0,1.5,1.666666667,0.6,2.25,0.285714286,0,0.25,0,1.25,1.833333333,1.875,1.333333333, , ,1.666666667,0.857142857,1,1.333333333
419,2,1,1,1,1,0,0,0,0,1,2,2,1,1,2,1,0,1,1,0,0,1,2,0,3,3,3,3,2,1,2,0,2,2,2,1,0,1,2,2,0,3,3,3,3,3,2,3,2, ,0,0,0,0, ,0,0,0,0,0,1,1,0,1,0,1,0,0,0,0,0,0,0,0,0,1,0,2,2,3,3,1,1, ,2,1,2,0,0,1,3,2,0,1,0.333333333,0.666666667,1.5,0.5,1,3,2.666666667,1,1.5,0,1.666666667,1.428571429,1,2,0.5, ,0.1,0.5,0,0.166666667,0,1,0.125,2.5, , ,2,0,2,0.857142857,2,2.666666667
420,3,3,2,0, ,0,0,3,3,2,2,1, ,1,2,0,1,2,2,0,0,0,0,0,2,3,4,2,2,0, ,0,0,0,0,0,0,0,2,1,0,4,3,4,1,4,4,4,3,0,2,1,0,0,0,0,3,1,1,3,1,1,2,2,3,2,0,1,1,0,0,0,0,0,0,0,0,4,3,3,3,0, ,0,0,2,0,0,0,0,2,1,0,3,1.666666667, , ,1.5,0,2.5,2.666666667, ,3,0,1,0.571428571,1,1.5,2.5,1.444444444,0.4,1.5, , , ,1,0,2.333333333,2.875, ,3.5,0,1,0.714285714,2,2.666666667
421,2,2,1,0,0,3,1,1,2,1,1,1,2,1,3,0,1,1,1,0,1,0,3,1,2,2,4,3,1,1,4,0,0,1,0,0,0,0,2,3,0,3,3,3,3,4,3,3,3,1,1,1,0,0,2,0,1,1,0,1,1,0,1,2,1,2,0,1,0,0,0,1,1,0,2,2,0,2,2,2,1,0,3,0,0,0,0,0,0,0,1,2,0,2,2,0.333333333,2.5,1,1.333333333,2,2.666666667,1.666666667,2,0.5,1.666666667,0.571428571,0.666666667,1,1,0.888888889,0.1,1.75,0.428571429,0.833333333,0.5,0.5,0.625,1.5,2.875,1,2,0.333333333,1,0.285714286,3,3.333333333
422,1,2,0,0,0,1,0,0,1,0, , ,2,4,1,1,0,3,0,0,0,0,0,0,4,4,3,3,4,4,4,0,0,2,0,0,0,1,2,2,0,2,4,4,4,4,4,3,1,4,0,0,0,0,1,0,1,0,0,0, , ,1,1,4,1,1,0,0,1,0,0,3,1,1,0,0,0,0,4,3,2,4,0,1,1,0,0,0,2,2,3,1,1,0.666666667,0,1.5,0,0,4,3.333333333,2.666666667,1.5,0,1.666666667,0.571428571,2.666666667, ,0,0.333333333, ,1.25,1.857142857, , , ,0.75,3.166666667,3.5,2,0.333333333,0,2.333333333,0.571428571,0,2
423,3,3,0,0,1,0,1,2,0,2, , ,0,0,0,0,2,0,1,0,0,2,1,0,3,4,3,2,1,0,1,4,0,2,0,0,0,0,0,0,0,3,2,3,0,3,1,3,0,2,0,0,1,1,0,1,0,1,1,1, , ,0,0,0,0,0,1,1,0,0,0,0,2,1,0,0,2,2,4,4,0,0,4,0,2,0,1,2,0,0,0,0,1,0,0.666666667,0,1.5,1,3.5,2,1.666666667,3,0,0,0.714285714,0, ,2,0, ,0,0.285714286, ,0.75, ,0.875,2.666666667,1.75,1.333333333,1.333333333,0,0,0.857142857,3,2.666666667
424,2,2,0,0,0,0,0,0,0,1, ,0,0,0,0,0,0,0,0,0,0,0,0,0,1,2,4,2,2,3,3,0,0,1,0,0,0,1,2,2,1,1,2,4,3,2,3,4,0,3,1,1,0,0,1,0,1,1,1,1, , ,0,0,0,0,0,0,0,0,1,0,0,0,0,0,0,0,0,2,2,3,3,1,0,1,0,0,0,1,2,2,2,1,0,0,0,0,0,1.5,2.666666667,2,2,0,1.666666667,0.428571429,0, ,0.5,0.888888889, ,0,0, ,0, ,0,1.666666667,2.625,2.333333333,1.166666667,0.333333333,1.666666667,0.571428571,2,2.666666667
425,2,1,0,1,1,0,1,0,0,1, , ,0,2,0,1,1,0,1,0,0,0,0,1,1,2,4,3,4,1,3,3,3,2,0,0,0,1,3,3,2,1,3,4,3,3,3,2,0,3,0,0,1,1,0,1,0,0,0,0,1, ,0,0,2,0,1,0,0,0,1,0,2,1,1,0,2,1,1,1,1,1,4,3,2,2,0,0,0,2,2,2,2,1,0,1,0,1,0.333333333,1.5,3.666666667,2.333333333,1.5,0,2.333333333,1.142857143,1, ,0.5,0, ,0,1.142857143, ,0.75, ,0.5,0.833333333,2.625,2.666666667,1,0.333333333,2,1,0,2.333333333
426,2,3,0,0,0,0,0,0,0,2,0,0,0,0,0,1,0,0,1, ,0,0,0,0,3,3,4,3,2, ,3,0,0,2,0,0,0,1,3,2,0,0,3,3,2,3,3,3,2,4,0,0,0,0,1,0,0,1,0,2,0,1,0,0,2,0,3,1,0,0,4,0,2,0,0,0,0,3,2,3,3,1,4,0,1,2,0,0,0,1,3,3,0,2,0,0,0,0.5,0,3,3, ,2.5, ,2,0.285714286,0.333333333,0,1,0.111111111,0,0,1.285714286,1.5,1,0.5,0,2.5,2.875,1.666666667,2.833333333,1.333333333,2.333333333,0.714285714,2,3
427,0,0,0,0,0,0,0,0,0,0, ,0,0,3,0,0,0,0,0,2,1,0,0,0,4,4,4,3,2,1,2,0,0,0,0,0,0,0,1,1,0,0,4,3,3,4, ,4,4,1,0,0,0,0,0,0,0,0,0,0,0,0,0,0,0,0,0,0,0,0,1,0,0,0,0,0,0,2,1,3,4,0,2,0,0,0,0,0,0,0,1,1,0,0,0,0,0,0,0,4,3,1,0,1.5,0.666666667,0,1, ,0, ,0,0,0.428571429,0,0,0,0,2.166666667, ,0.666666667,1.666666667,0.333333333,0.666666667,0,2,3
428,1,1,0,0,0,0,0,2,0,2, , ,0,3,0,1,1,2,1,1,1,1,1,0,2,2,2,0,4,4,4,4,1,2,1,0,0,1,1,2,0,1, ,2,1,2,1,1,0,1,0,0,0,0,0,0,0,2,1,2, , ,0,0,3,0,1,1,0,2, ,1,2,2,1,0,0,1,1,2,1,2,2,4,1,2,0,0,0,0,1,2,0,1,0,0,0,1,0.666666667,2,2,4,1,1,1.333333333,0.714285714,2, ,2,0, ,0,1.857142857, , , ,0.375,0.833333333, ,2.666666667,0.666666667, ,1,0.571428571,0,0.666666667
429,4,3,0,0,0,0,0,0,0,0,0,0,3,4,2,2,3,4,3,2,2,2,3,1,4,4,2,3,3,1,1,1,2,0,4,2,2,2,2,2,0,3,3,1,4,4,3,3,1,3,0,0,0,0,0,0,0,0,0,0,0,0,2,2,3,3,2,1,1,2,2,2, ,3,1,3,0,3,3,4,4, , ,0,1,1,4,2,2,1,3,3,0,2,0,0,2.5,3,2,4,2.666666667,1,3.5,2,2,1.857142857,3.333333333,0,0,0,0,2.5, ,0, ,0,2, ,2.75, ,3,1.666666667,2.333333333,1.714285714,1,2
430,2,2,0,1,0,0,1,1,0,3, , ,0,3,0,0,0,0,1,3,1,0,0,0,3,3,1,2,4,1,4,4,0,2,0,0,0,0,1,2,0,1,0,1,2,2,1,2,0,3,0,0,1,0,0,1,0,1,0,3, , ,0,0,2,0,1,0,0,0,1,0,0,0,0,0,0,1,1,3,3,1,4,4,0,2,0,0,0,0,0,1,0,0,0,0.666666667,0,0.5,0,3,2.333333333,3,2,2,1,0.428571429,1, ,2,0, ,0,1.142857143, ,0, ,0,2,1.375,3,0.666666667,0.333333333,0.333333333,0.285714286,0,1
431,2,2,0,0,0,1,0,0,0,0, , ,0,2,0,0,0,1,2, ,1,1,2,0,3,2,4,3,2,2,3,0,1,1,0,0,0,1,3,2,2,3,3,4,2,4,3,3,2,4,0,0,0,0,1,0,0,0,0,0, , ,0,0,2,0,0,0,0,0, ,1,1,0,0,0,0,2,2,3,2,1,3,0,1,1,0,0,0,1,3,2,1,2,0.333333333,0,0,1,1,2.5,3,1.666666667,2, ,2,1,1, ,0,0.111111111, ,0,0.571428571, ,0.25, ,0,1.666666667,3.125,1.333333333,1.333333333, ,2,0.714285714,2,3
432,3,3,0,0,0,0,0,2,0,4, ,0,2,0,2,0,3,4,3,3,0,0,0,0,4,4,3,3,2,0,0,0,0,2,2,1,0,0,2,1,0,3,3,3,1,4,4,4,2,2,0,2,0,0,0,0,2,3,3,4,0,0,2,2,0,1,0,2,4,4, ,0,2,0,0,0,0,2,2,4,4,0,2,0,0,2,2,2,0,0,0,0,0,0,0,0,2,3,0,4,2.666666667,0,3,1.5,1,1.142857143,1.333333333, ,3,0.444444444,0,1.5,1.142857143,2.166666667, ,0,0,2.666666667,2.875,0.666666667,2, ,0,0.857142857,2,2.666666667
433,3,3,0,0,0,0,0,0,0,0,0,0,0,3,0,0,0,1,1,1,1,2,0,0,2,2,3,3,1,0,0,0,0,0,0,0,0,0,0,0,0,0,2,1,3,3, , ,3,0,0,0,0,0,0,0,0,0,0,0,0,0,0,0,2,0,0,0,0,1,0,0,1,2,0,0,0,3,3,2,2,0,0,1,0,0,0,0,0,2,1,1,0,0,0,0,0,0.5,0.666666667,2,2.333333333,0,3,1,0,0,1.333333333,0,0,0,0,0,1.142857143,0,0.25,0,0.5,1.666666667, ,0.333333333,1.5,0,1.333333333,0,3,3
434,3,3,0,0,0,1,0,0,1,1,4, ,0,2,0,0,1,3,3,3,0,0,0,0,1,1,4,3,2,1,2,4,0,2,0,1,1,0,2,2,0,1,1,3,2,2,3,1,1,1,0,0,0,0,1,0,1,0,0,2, , ,0,0,2,0,0,2,0,3,4,1,3,2,2,2,0,3,3,2,1,0,1,4,1,3,0,2,1,1,2,1,0,2,0.666666667,0,0,2,0,1,3,2.333333333,3,1.5,1.333333333,0.714285714,1.666666667, ,0.5,0.444444444, ,0,1.571428571,0.333333333,1.75, ,1.125,1.166666667,1.75,1.666666667,3.333333333,2,1.333333333,1.285714286,2,3
435,2,2,0,0,0,0,0,0,0,1,0,0,0,4,0,0,0,1,1,0,0,0,0,0,2,3,4,2,1,0,0,0,0,0,0,1,1,0,0,0,2,0,3,4,4,4,3,3,2,3,0,0,0,0,0,0,1,0,0,1,0,0,0,0,2,0,0,0,0,0,0,0,1,0,0,0,0,3,3,2,3,2,3,2,1,0,0,1,2,0,2,2,2,0,0,0,0,0.5,0,2.5,2.333333333,0,2,0,0,0.571428571,1.666666667,0,0.5,0.333333333,0,0,1,0.333333333,0.25,0,0,2.333333333,3.25,2.333333333,2,0,1.333333333,0.857142857,3,3
436,2,3,0,0,0,1,0,1,1,1,1,0,0,2,0,0,0,1,1,0,0,1,2,0,4,4,3,3,2,2,3,0,1,0,0,0,0,1,2,3,0,2,3,4,4,4,4,2,2,4,0,0,0,0,1,0,1,0,0,1,0,0,0,0,2,0,0,0,0,2,1,0,1,1,0,0,0,1,1,4,2,0,3,0,2,0,0,0,0,0,2,3,0,2,0.666666667,0,0,0.5,1,4,2.666666667,1.666666667,2.5,0,2,0.428571429,1,0.5,1,0.222222222,0.3,0,0.571428571,0.666666667,0.25,0,0.375,2.166666667,3.375,1,1,0.333333333,1.666666667,0.571428571,2,2.666666667
437,1,1,0,0,0,1,0,0,1,0, , ,0,1,1,2,0,1,0,0,0,0,1,0,3,1,3,3,3,2,4,1,0,1,0,0,0,1,2,1,0,1,2,3,2,2,1,4,1,3,0,0,1,0,1,0,1,0,0,0, , ,1,0,1,1,2,0,0,1,1,1,0,0,0,0,0,1,1,3,3,1,4,1,1,1,0,0,0,0,3,1,0,0,0.666666667,0,0.5,0,0.333333333,2,3,2.333333333,1,0,1.333333333,0.285714286,1.333333333, ,0, , ,0.5,1.428571429, ,0, , , ,2.25,2,1.166666667,0.666666667,1.333333333,0.285714286,1,2.333333333
438,3,3,0,2,0,1,1,1,2,3,2,3,1,2,0,0,1,2,1,1,0,1,2,0,2,3,1,1,2,4,4,0,1,0,2,1,1,0,1,1,0,2,4,2,2,3,0,1,2,0,0,0,2,0,1,1,2,3,3,4,0,0,0,0,2,0,0,0,0,2,1,0,1,0,2,2,0,3,3,1,4,4,4,0,1,0,2,2,2,0,2,2,0,1,1,1,0.5,1,1,2.5,1.333333333,2.666666667,3,0.5,0.666666667,1,1.333333333,2.5,2,0.888888889,0.6,0,0.857142857,2.333333333,0.25,0,0.5,1.5,1.75,2.666666667,3,0.333333333,1.333333333,1.142857143,2,1.333333333
439,2,2,1,0,0,2,0,1,2,3, , ,2,2,1,2,1,1,3,1,0,0,0,0,1,1,3,3,4,3,4,1,2,1,0,0,0,0,2,3,0,2,3,4,3,2,3,3,1,3,1,2,1,0,3,0,3,2,2,4, , ,2,3,2,1,3,3,2,1,1,0,3,0,0,0,0,2,2,1,1,4,4,2,1,1,0,0,0,0,2,2,0,2,1.666666667,0,1.5,2,0,1,3.333333333,2.666666667,2,0.5,1.666666667,0.714285714,1.666666667, ,2, , ,1.75,1.428571429, ,2.5, ,0,1.333333333,2.75,3.333333333,2.833333333,0.333333333,1.333333333,0.571428571,0,2
440,4,4,0,0,0,1,0,3,2,4,2,2,0,0,0,0,0,0,0,3,3,0,0,0,4,4,3,3,3,2,2,0,0,2,0,0,0,0,2, ,0,2,3,3,3,4,3,3,2,3,0,0,0,0,1,0,1,3,3,4,2,2,0,0,0,0,0,0,0,0,2,1,0,0,0,0,0,4,4,4,4,1,4, ,0,2,0,0,0,1,3,2,0,2,1,0,0,0,0,4,3,1.333333333,4,3, ,0.571428571,0,2,3.5,0.666666667,0.3,0,0.142857143,3,0,2,0,3,3, ,3.666666667,1,2,0.571428571,1,2.333333333
441,2,2,0,0,0,2,0,4,2,4, , ,0,2,0,0,0,1,0,4,2,1,2,0,3,3,3,2,4,4,4,2,0,1,0,0,0,0,2,1,0,4,2,2,2,4,3,4,0,1,0,0,0,0,2,0,2,4,4,4, , ,0,0,2,0,2,0,0,3,3,1,0,0,0,2,0,1,1,1,2,4,4,1,0,2,0,0,0,0,2,1,0,3,1.333333333,0,0,0,1,3,3,3.333333333,2,3,1,0.714285714,1, ,4,1.222222222, ,0,2.285714286, ,0, ,0.5, ,2.25,3, ,1.333333333,1,0.714285714,0,1.666666667
442,3,3,1,0,0,1,0,1,1,1,0,0,0,1,0,0,0,0,0,0, ,2,2,1,3,3,3,2,1,1,1,0,0,1,0,0,0,1,3,3,0,2,3,3,2, ,3,4,2, ,1,0,0,0,1,0,2,2,1,1,0,0,0,0,1,0,0,0,0,1,0,0,0,2,2,1,0,4,4,4,4,0,1,0,0,0,0,0,0,2,3,3,0,2,1,0,0,0,1.666666667,3,2,0.666666667,3, ,2.333333333,0.428571429,0.333333333,0,1,0.666666667, ,0,0.571428571,0.666666667,0,0,1,1.833333333, ,0.333333333,2.833333333,0,2.666666667,0.285714286,3,2.666666667
443,2,2,1,1,2,2,0,2,1,2,0,1,1,2,1,0,2,1,2,1,0,1,2,1,3,3,3,1,3,1,1,0,1,2,0,0,0,1,2,2,0,1,3,3,2,3,3, ,0, ,1,1,1,0,3,1,3,1,1,2, , ,1,1,4,0,2,3,2,2,1,1,3,2,1,3,0,3,3,4,2,1,1,1,1,1,0,0,0,1,1,2,0,2,1.333333333,1,1,2,1.333333333,3,2.333333333,0.666666667,2,0.5,1.666666667,0.571428571,1,0.5,2,1.333333333, ,0.5,2.142857143, ,2.5, ,1.25,2.166666667, ,1,2.666666667,1,1.333333333,0.571428571,1,1.666666667
444,2,2,0,0,0,1,0,1,0,1,0,0,0,0,0,0,0,0,1,0,0,0,0,0,3,3,3,3,1,0,1,1,0,1,0,0,0,0,1,0,0,0,3,4,3,3,3,3,2,1,0,0,0,0,0,0,0,0,0,0,0,0,0,0,0,0,0,0,0,0,0,0,0,0,0,0,0,0,0,2,2,0,1,1,0,1,0,0,0,0,1,0,0,0,0.333333333,0,0,0.5,0,3,2.333333333,0.666666667,2,0,0.333333333,0.142857143,0,0,1,0,0,0,0,0,0,0,0,0.666666667,2.75,0.666666667,0.166666667,0,0.333333333,0.142857143,3,3
445,2,4,1,1,1,3,1,2,2,3, , ,0,0,1,0,0,1,0,2,2,1,3,0,3,3,3,3,3,2,4,0,1,2,0,0,0,1,2,2,0,4,3,4,2,3,3,3,0,3,0,0,1,0,2,0,2,3,3,3,2,1,0,1,1,1,0,0,0,1,2,2,0, ,2,3,1,2,3,2,3,2,4, ,1,1,0,0,0,0,3,3,0,4,2,1,0.5,0,1.333333333,3,3,2,3,2,1.666666667,1,0.333333333, ,2.5, ,0.5,0.5,0.571428571,2.5,0,1.5, ,2.166666667,2.625, ,2.833333333,1.666666667,2,0.857142857,1,2.333333333
446,2,2,2,0,0,3,0,3,3,3,0,1,2,0,3,2,3,2,3,4,0,0,0,0,4,4,3,3,4,3,3,4,0,4,0,0,0,1,4,4,0,4,1,4,3,3,3,3,1,3,2, ,1,0,3,0,3,2,2,2,0,0,1,1,1,1,1,3,1,1,2,0,2,2,4,2,2,3,2,3,3,0,2,4,1,4,0,0,0,2,3,3,1,3,2.666666667,0,2.5,3,0,4,3.333333333,3.333333333,2,2,3,1.142857143,1.333333333,0.5,3, ,0.8,1,0.571428571,1.833333333,1.75,0,1.5,2.5,2.625,2,3.333333333,1,2.666666667,1.285714286,0,2
447,1,1,0,0,0,1,0,0,1,1,0,1,0,2,1,0,1,1,1,1,0,0,1,0,3,3,4,4,2,2,2,0,0,0,0,0,0,0,3,3,0,1,4,4,4,4,4,4,2,4,0,0,0,0,2,0,2,0,0,2,1,0,1,1,1,1,0,1,0,1, ,0,1,0,0,0,0,1,1,3,3,2,3,0,0,1,0,0,0,1,3,3,0,2,0.666666667,0,0.5,1,0.333333333,3,3.333333333,1.333333333,1,0.5,2,0.142857143,1,0.5,0.5,0.888888889,0,0.75,0.857142857,0.5,0.5,0.5,0.5,2,3.75,1.666666667,1.666666667, ,2.333333333,0.428571429,2,3.333333333
448,2,2,0,1,0,0,0,0,0,0, , ,0,1,0,0,3,1,3,0,0,0,0,0,1,2,4,4,3,0,4,0,0,1,0,0,0,1,1,2,0,1,3,3,2,3,3,3,2,3,0,0,1,0,0,1,0,0,0,0, , ,0,0,0,0,0,4,4,1,0,0,4,0,0,0,0,2,3,2,2,0,4,0,0,1,0,0,0,1,1,2,0,0,0,0.333333333,0,3,0,1.5,3.666666667,1.333333333,2,0,1.333333333,0.285714286,0.666666667, ,0,0, ,0,0.142857143, , , ,0.375, ,2.75,1.333333333,2.333333333,0,1.333333333,0.142857143,1,3
449,2,2,1,0,0,2,0,1,1,1,0,1,2,1,2,1,1,2,2,1,0,2,3,2,2,3,2,2,2,3,3,0,1,2,0,1,1,1,2,2,0,3,2,2,2,3,2,2,2,1,0,1,0,0,2,0,1,0,0,1,0,0,1,1,0,1,0,0,0,1, ,0,2,0,3,3, ,1,1,2,3,3,3, ,1,2,0,1,1,1,3,2, ,2,1.333333333,0,2,1.5,2.333333333,2.5,2,2,2,0.5,1.666666667,1.142857143,1.333333333,0.5,1,0.777777778,0.1,0.75,0.428571429,0.5, ,0, ,1.833333333,2, ,2.333333333, ,2, ,2,2
450,3,2,1,0,0,0,0,3,1,4,2,2,0,0,0,0,0,1,0,1,0,0,1,0,4,4,1,0,3,3,4,4,0,1,0,0,0,0,0,1,0,1,0,2,1,2,2,2,1,2,0,0,0,0,0,0,1,2,2,4,2,2,0,0,1,0,0,0,0,2,1,1,0,1,3,2,0,2,2,3,4,3,4,4,0,1,0,0,0,0,0,0,0,2,0.666666667,0,0,0,0.333333333,4,1.333333333,3.666666667,2.5,0.5,0.333333333,0.285714286,0.333333333,2,3.5,0.222222222,0,0,1,2,0,2,1,2.5,1.5,3.666666667,2.166666667,1,0,0.428571429,1,0.666666667
451,2,2,0,0,0,1,0,0,1,0, , ,1,1,1,0,0,1,0,2,1,1,1,0,3,3,3,3,2,1,1,0,0,1,0,0,0,0,2,1,0,2,3,3,4,2,2,1,2,4,0,0,0,0,1,0,1,0,0,0, , ,1,0,1,1,0,0,0,0,2,2,0,2,1,1,0,1,1,4,2,1,2,1,2,1,0,0,0,0,1,1,0,2,0.666666667,0,1,0,0.666666667,3,2.666666667,0.666666667,2,1.5,1,0.428571429,0.666666667, ,0,0.444444444, ,0.75,0.285714286, ,0, ,0.5,1.333333333,2.625,1.333333333,1.166666667,1.333333333,0.666666667,0.714285714,2,2.666666667
452,2,0,0,0,0,0,0,0,1,1, , ,0,1,0,0,0,0,1,1,0,0,0,0,4,4,3,2,4,2,4,2,1,3,0,0,0,0,2,1,0,1,2,2,3,2,4,3,0,3,0,0,0,0,0,0,2,0,0,1,0,0,0,0,2,0,0,1,0,1,1,0,2,1,2,1, ,1,1,4,3,3,4,2,2,3,0,0,0,2,2,1,0,2,0.333333333,0,0,0.5,0,4,3,2.666666667,1,0.5,1,0.714285714,0.333333333, ,0.5,0.444444444, ,0,1,0.5,0.75,0, ,2.166666667,2.375,3,1.333333333,0.333333333,1.666666667,1,0,1.666666667
453,2,2,0,0,0,0,0,0,0,2,2,2,0,0,1,0,0,1,2,0,0,0,1,0,2,2,3,3,2,1,1,1,0,0,0,3,1,0,1,0,1,2,4,3,3,4,2,2,3,0,0,0,0,0,1,0,1,0,0,2,1,1,1,1,0,1,0,0,0,2,0,0,1,0,0,2,0,2,2,3,3,0,0,0,0,0,0,3,1,0,0,0,0,2,0,0,0.5,1,0.333333333,2,2.666666667,1,2,0,0.333333333,1,0.333333333,2,1,0.333333333,0.3,0.75,0.285714286,0.5,0.25,1,0.5,2.166666667,2.625,0,1.5,0,0,0.857142857,2,2.666666667
454,3,2,0,0,0,0,0,2,0,2,1,2,0,1,0,0,1,2,2,2,0,1,3,3,3,1,3,1,3,1,2,1,3,2,0,0,0,2,4,4,2,1,2,3,1,4,3,2,1,1,0,0,0,0,0,0,1,2,2,2,3,3,0,0,1,0,1,2,1,1,1,0,3,0,2,3,3,3,2,3,4,4,4,2,4,2,0,0,0,2,4,4,1,1,0,0,0,1.5,2.333333333,2,2.333333333,1.333333333,2.5,1,3.333333333,1.142857143,1,1.5,2,0.222222222,0.1,0,0.571428571,2,2,3,1,2.5,2.125,3.333333333,2.666666667,0.666666667,3.333333333,1.142857143,1,1.666666667
455,4,3,0,0,0,0,0,0,0,0,0,0,1,0,0,0,0,0,2,3,1,1,1,1,3,3,3,2,2,4,3,1,0,2,0,0,0,2,2,3,0,0,2,3,2,2,4,2,1,2,0,0,0,0,0,0,0,0,0,0,0,0,1,0,1,0,0,1,0,0,2,0,2, , , , ,4,2,2,3,4,4, ,0,1,0,0,0,2,4,4,0,1,0,0,0.5,1,1,3,2.333333333,2.666666667,3.5,2,2.333333333,0.285714286,0,0,0,0,0,0.25,0.285714286,0,0.75,0, , ,2.25, ,2.333333333,0.666666667,3.333333333,0.285714286,2,2.333333333
456,2,2,0,0,0,0,0,0,0,1,0,0,0,0,0,0,0,0,1,0,0,0,0,0,3,4,3,2,1,0,0,0,0,0,0,0,0,0,1,0,0,0,3,3,3,2,4,3,3,2,0,0,0,0,0,0,0,1,1,1,0,0,0,0,0,0,0,0,0,0,1,0, ,0,0,0,0,3,2,2,3,0,0,0,0,1,0,0,0,0,1,0,0,0,0,0,0,0.5,0,3.5,2,0,2,0,0.333333333,0,0,0,0.5,0,0,0,0,0.666666667, ,0,0,1.666666667,2.875,0,2,0.333333333,0.333333333,0.142857143,3,2.666666667
457,2,2,1,0,0,1,0,1,2,0,1,1,2,2,1,1,1,1,2,3,2,2,2,0,4,4,3,3,2,1,2,1,0,1,2,0,1,2,2,0,0,3,2,3,3,3,3,3,2,0,0,0,0,0,1,0,2,0,0,1,2,0,4,3,2,2,2,4,3,3,4,3,3,4,1,1,1,2,2,4,4,2,3,2,0,1,1,0,1,2,1,1,0,3,1.333333333,0,1.5,1.5,1.333333333,4,2.666666667,1.333333333,2,2.5,1.333333333,1,1.333333333,1,0.5,0.666666667,0.1,2.5, ,0.5,3.25,1,1.625,2.833333333,2.375,2.333333333,2.5,3.333333333,1.333333333,0.857142857,2,2.666666667
458,3,2,0,1,0,1,0,2,1,3,1,1,0,0,0,1,2,1,2,1,2, ,3,2,0,4,3,1,2,4,4,4,2,3,1,1,1,1,2,1,1,1,1,3,2,3,3,3,1,3,0,1,0,0,2,1,1,3,3,4,3,2,0,1,1,0,2,1,1,1,1,2,1,1,1,0,2,2,2,1,3,3,4,4,2,2,0,0,0,1,2,1,1,1,0.666666667,0.333333333,0,2, ,2,2,4,2.5,1.5,1.333333333,1.428571429,0.666666667,1,2.5,0.777777778,0.2,0.25,1.142857143,2.166666667,1.25,2.5,0.5,1.166666667,2.375,3.666666667,2.333333333,1,1.333333333,0.857142857,2,2
459,4,4,2,0,0,2,0,2,2,2, , ,0,2,0,0,0,0,0,3,2,4,4,3,3,2,4,4,2,4,4,2,1,4,0,0,0,0,2,2,0,3,1,1,1,2,2,3,1,3,1,1,0,0,1,0,1,1,1, , , ,0,0,2,0,0,0,0,0,2,0,0,3,3,0,2,2,2,4,3,3,3,0,2,4,0,0,0,1,2,1,0,3,2,0,0,0,3.666666667,2.5,3.333333333,3.333333333,4,2.5,1.333333333,1.142857143,0.666666667, ,2,0.888888889, ,0,0.714285714, , , , , ,1.75,2,2.333333333,0.666666667,1.333333333,1.285714286,2,3.333333333
460,2,3,0,0,0,4,0,2,0,3, , ,1,2,0,0,1,0,4,2,2,0,0,0,2,3,3,3,2,0,4,1,0,0,0,0,0,0,2,1,0,3,2,3,3,4,2,3,2,0,0,0,0,0,2,0,1,1,1,0, , ,0,0,1,0,0,1,0,0,2,0,4,0,1,1,0,0,2,2,3,0,4,1,0,1,0,0,0,0,1,1,0,2,1.333333333,0,0.5,2.5,0,2.5,2.666666667,1.666666667,2.5,2,1,0.428571429,0.666666667, ,2.5, , ,0,1.428571429, ,1.25, ,0.25,1.333333333,2.375,1.666666667,1.5,0.666666667,0.666666667,0.428571429,2,2.666666667
461,4,3,0,0,0,0,0,1,0,1,0,0,4,4,2,3,0,3,0,1,1,0,0,0,2,2,3,3,2,1, ,0,1,3,0,0,0,0,2,1,0,0,4,3,2,2,3,2,0,1,0,0,0,0,0,0,0,1,1,1,0,0,4,2,4,2,3,1,1,2,1,1,1, ,4,3,4,4,3,2,2,2,2,1,1,3,1,0,0,0,2,1, ,0,0,0,3,0,0,2,2.666666667, ,3.5,1,1,0.571428571,3.333333333,0,1,0,0,2.5,2.571428571,0.833333333,1,0, ,1.833333333,2.125,1.666666667,2.333333333,1,1, ,2,2.666666667
462,1,1,0,0,0,0,0,0,0,0,0,0,0,1,0,0,0,0,1,0,0,1,1,1,4,4,4,1,2,3,3,2,2,2,0,1,0,0,2,2,0,0,1,3,2,3,2,4,1,4,0,0,0,0,0,0,0,0,0,0, ,0,0,0,0,0,0,1,0, ,0,0,1, ,1,0,2,0,0,3,3,2,2,3,1,4,0,0,0,1,3,3,0,0,0,0,0,0.5,1,4,2.333333333,2.666666667,1,0,1.333333333,0.714285714,0.333333333,0,0,0, ,0, , , , , ,1.833333333,2.5,2.333333333,1.166666667,0,2.333333333,0.714285714,2,2.333333333
463,2,2,1,0,0,2,0,1,1,2, , ,1,0,0,0,1,1,2,0,0,0,1,0,3,4,4,4,2,0,4,1,0,1,0,0,0,1,2,2,0,2,3,4,3,3,2,2,2,4,1,0,0,0,3,0,1,1,1,4, , ,0,0,1,0,0,0,0,1,0,0,0,0,0,0,0,1,0,3,4,0,4,1,1,2,0,0,0,1,3,3,0,1,1.333333333,0,0.5,1.5,0.333333333,3.5,3.333333333,1.666666667,2,0,1.666666667,0.428571429,0.333333333, ,1.5,1, ,0,0.285714286, ,0, ,0,3.166666667,2.875,1.666666667,1,0,2.333333333,0.571428571,2,3.333333333
464,2,2,0,0,0,0,0,0,0,0, , ,0,0,0,0,0,0,0,1,0,0,0,0,2,3,4,4,0,0,1,0,0,0,0,0,0,0,2,3,0,0,4,4,4,3,4,4,3,3,0,0,0,0,0,0,0,0,0,0, ,0,0,0,0,0,1,0,0,0,1,0,1,0,0,0,0,2,1,2,2,0,2,0,0,0,0,0,0,0,2,2,0,0,0,0,0,0,0,2.5,2.666666667,0.333333333,2,0.5,1.666666667,0,0, ,0,0,0.1,0,0.571428571,0,0.25, ,0,1.333333333,3.625,0.666666667,2.166666667,0.333333333,1.333333333,0,4,4
465,2,2,0,0,0,1,0,2,1,3,0,1,0,4,0,2,2,2,3,2,0,3,2,0,4,3,3,3,4,3,4,3,1,2,0,0,0,3,3,3,0,4,2,3,3,3,3,3,0,3,0,0,0,0,1,0,3,3,3,4,0,1,0,0,3,0,2,3,2,3,2,0,3,2,1,2,0,2,2,4,3,4,4,3,0,2,0,0,0,1,3,3,0,3,0.666666667,0,0,2.5,1.666666667,3.5,3.333333333,3.333333333,2,1,3,1,2.666666667,0.5,2.5,0.888888889,0,0,2.428571429,2.833333333,2.5,0.5, ,2.666666667,2.5,3.666666667,3.333333333,0.666666667,2.333333333,0.714285714,0,2
466,2,2,0,0,0,0,0,0,0,1,0,0,0,2,0,0,0,0,0,0,0,1,0,0,2,2,2,2,2,1,2,2,0,2,0,0,0,0,2,2,0,2,3,2,2,2,3,3,2,1,0,0,1,0,1,0,0,0,0,1,0,0,0,0,1,0,0,0,0,1,0,0,0,0,0,0,0,1,1,2,2,0,0,1,0,1,2,0,0,0,2,1,0,1,0,0,0,0,0.333333333,2,2,1.666666667,2,0,1.333333333,0.571428571,0.666666667,0,0.5,0.111111111,0.2,0,0.571428571,0.5,0,0,0.125,1.5,2.25,0.333333333,0.333333333,0,1,0.571428571,2,2
467,2,2,0,0,0,1,0,0,1,0,0,0,0,0,0,0,0,0,0,0,0,0,0,0,4,4,3,3,2,4,4,2,2,2, ,0,0,1,3,4,0,0,2,4,3,4,3,3,1,2,0,0,0,0,2,0,1,0,0,1,0,0,0,0,0,0,0,0,0,0,0,0,0,0,0,0,0,3,0,3,4,4,4,3,2,1,0,0,0,1,2,2,0,1,0.666666667,0,0,0,0,4,2.666666667,3.333333333,2,0,2.666666667, ,0,0,0,0.333333333,0,0,0.428571429,0.833333333,0,0,0,3.166666667,2.75,3.666666667,1.666666667,0,1.666666667,0.571428571,2,2.666666667
468,2,0,0,0,0,1,0,2,1,1, , ,0,3,1,0,2,2,3,0,0,0,0,0,4,4,3,2,2,2,2,0,0,1,0,0,0,0,2,2,0,1,4,3,2,4, , ,2,2,0,1,0,0,2,0, ,1,1,2, , ,0,2,3,0,0,2,0,3, ,0,2,0,0,0,0,1,0,4,4,2,2,0,0,1,0,0,0,0,2,2,0,1,0.666666667,0,0.5,2.5,0,4,2.333333333,1.333333333,1,0,1.333333333,0.285714286,1.666666667, ,1.5, , ,0.5,2.428571429, , , ,0,2.5, ,1.333333333,1.833333333, ,1.333333333,0.285714286,2,2.333333333
469,2,2,0,0,0,3,0,1,2,2, , ,1,4,1,0,1, ,3,0, ,0,0,0,0,0,0,0,1,2,4,1,0,0,0,0,0,0,0,1,0,1,3,4,4,3,3,2,2,3,0,0,0,0,3,0,1,1,1,3, , , , ,1,0,0,0,0,0,0,0,0,0,0,0,0,1,1,0,0,4,4,0,0,0,0,0,0,0,1,1,0,1,1.666666667,0,1,2,0,0,0.333333333,2.333333333,2, ,0.333333333,0.142857143, , ,1.5,0.444444444, , ,0.714285714, , , ,0,0.166666667,3,2.666666667,0.666666667,0,0.666666667,0.142857143,3,1
470,1,0,0,0,0,0,0,0,0,1,0,0,0,0,0,0,0,0,1, ,0,0,0,0,1,3,4,4,0,0,0,0,0,0,0,0,0,0,0,0,0,0,4,4,4,4,4,4,3, ,0,0,0,0,0,0,0,0,0,0,0,0,0,0,0,0,0,0,0,0, ,0,1,0,0,0,0,1,0,2,3,1,0,1,0,0,0,0,0,0,1,1,0,0,0,0,0,0.5,0,2,2.666666667,0,0.5, ,0,0,0,0,0.5,0,0,0,0,0,0.25,0,0,1.666666667, ,0.666666667,0.666666667, ,0.666666667,0,4,4
471,2,3,1,0,0,1,0,2,1,3, , ,1,2,1,0,2,2,1,1,0,2,1,0,3,3,3,3,2,1,3,0,0,0,0,0,0,1,1,2,0,1,4,3,3,3,4,2,2,4,1,0,0,0,1,0,1,1,1,2, , ,1,2,2,1,1,2,0,1,1,0,2,2,2,2,0,2,2,4,3,1,3,0,1,0,0,0,0,1,2,1,0,1,1,0,1,1.5,1,3,2.666666667,1.333333333,2.5,0.5,1.333333333,0.142857143,1.333333333, ,2.5,0.777777778, ,1,1.285714286, , , , , ,3.125,1.333333333,2,0.666666667,1.333333333,0.285714286,2,2.666666667
472,3,3,1,0,1,1,1,1,0,2,1,1,0,1,0,0,1,0,2,0,0,0,0,0,1,3,3,2,3,3,3,1,0,1,0,1,0,0,2,1,0,1,1,3,2,2, ,2,3,2,0,0,0,0,0,0,1,0,0,2,1,1,0,0,1,0,0,0,0,0,0,0,1,0,0,0,0,2,1,1,3,3,2,1,0,0,0,1,0,0,2,1,0,0,0.666666667,0.666666667,0,1.5,0,2,2.666666667,2.333333333,3,0,1,0.428571429,0.333333333,1,1.5,0.222222222,0,0,0.571428571,0.5,0.25,1,0,1.333333333, ,2,1.166666667,0,1,0.142857143,1,2
473,2,1,0,0,0,0,0,0,1,0,0,0,0,0,0,0,0,0,0,0,0,0,0,0,2,3,4,4,1,0,2,0,0,0,0,0,0,0,2,2,0,0,3,4,4,4,3,4,4,0,0,0,0,0,0,0,0,1,0,1,0,0,0,0,0,0,0,0,0,0,0,0,0,0,0,0,0,1,1,3,3,0,2,0,0,0,0,0,0,0,2,3,0,0,0.333333333,0,0,0,0,2.5,3,0.666666667,1.5,0,1.333333333,0,0,0,0, ,0,0,0,0.333333333,0,0,0,1.5,3.25,0.666666667,0.666666667,0,1.666666667,0,3,3.666666667
474,2,2,0,0,0,0,0,1,0,1,0,0,2,2,3,1,2,2,3,2,1,1,2,0,2,2,3,1,2,0,2,0,0,1,0,0,0,0,0,0,0,0,3,3, ,4,3, ,2,1,0,0,0,0,0,0,0,1,1,2,0,0,3,3,2,3,1,2,2,3,1,0,3,2,2,0,1,1,1,3,3,2,4,2,0,1,0,0,0,0,1,1,1,0,0,0,2.5,2.5,1,2,2,0.666666667,2,1.5,0,0.142857143,1.666666667,0,1, ,0.1,2.75, , , ,0, , , ,2.666666667,1.166666667,0.666666667,0.666666667,0.285714286,2,2
475,3,3,0,0,0,1,0,0, ,0, ,0,1,4,0,1,1,4,3, ,2,0,0,0,1,2,3, ,3,4,4,0,0,2,0,0,0,0,2,2,0,2,3,3,2,2,3, ,2,1,0,0,0,0,1,0,1,1,1,1,0,0,1,1,4,0,3,1, ,2, ,2,1,0,0,0,0,2,2,0,1,3,3, ,0,1,0,0,0,0,2,2,0,2, ,0,0.5,2,0,1.5, ,2.666666667,3, ,1.333333333,0.571428571,3, ,0,0.333333333,0,0.5, ,0.666666667, ,0,0.125, , , ,2.166666667, ,1.333333333,0.428571429,1, 
476,4, ,0,0,0,0,0,0,0,3,2,2,0,1,0,1,0,2,0,1,0,3,4,0,3,3,2,2,3,1,3,1,0,4,0,0,1,0,2,2,0,3, ,3,2,4,3,2,1,3,0,0,0,0,1,0,1,0,0,4,1,1,1,0,0,1,0,0,0,1,1,0,0,4,4,2,0,4,1,4,3,1,2,3,1,3,0,2,1,2,3,2,0,4,0,0,0,0,2.333333333,3,2.333333333,1.666666667, ,0.5,1.333333333,1.142857143,1.333333333,2,1.5,0.444444444,0.1,0.5, ,1,0,1,1.625,2, ,2,2.5,0.333333333,2.333333333,1.571428571,1,1.666666667
477,2,2,3,0,0,3,0,4,3,4, , ,1,0,1,0,1,0,1,2,3,0,0,0,3,3,4,3,2,3,3,0,0,3,0,0,0,0,1,2,0,3,4,4,2,4,3,3,2,4,0,0,0,0,3,0,3,4,4,4, ,0,0,0,0,0,0,0,0,0,0,0,0,0,0,0,0,2,2,2,2,2,2,1,0,3,0,0,0,0,0,2,0,2,3,0,1,1,0,3,3,2,2,2.5,1,0.857142857,0, ,4,1.444444444,0.8,0,0, ,0, ,0,1.333333333,3.25,1.666666667,2.666666667,0,0.666666667,0.714285714,2,3
478,0,0,0,0,0,0,0,0,1,0,0, ,0,0,0,2, ,0,1,1,1,0,0,0,3,2,3,3,2,4,2, ,0,1,0,0,0,1,2,2,2,3,3,3,3,4,3,3,1,3,0,0,0,0,1,0,0,0,0,1, , ,0,0,1,0,1,1,0,1,1,1,1,0,0,0,0,1,1,4,2,3,2,2,0,1,0,0,0,0,3,3,2,3,0.333333333,0,0, ,0,2.5,2.666666667, ,0,1,1.666666667,0.857142857,0.666666667, ,0,0.333333333, , ,0.857142857, ,0.75, ,0.25,1.833333333,2.875,2.333333333,1.5,0.666666667,2,0.857142857,2,2.666666667
479,2,2,0,0,0,0,0, ,0,2,0,0,0,4,0,1,0,0,1,2,1,0,0,0,1,4,1,0,2,3,3,3,2,1,0,0,0,0,0,0,0,2,1, , ,2,1, ,1,1,0,0,0,0,0,0,0,1,1,3,0,0,0,0,2,0,1,0,0, , ,1, ,0,0,0,0,2,2,0,4,2,2,3,0,1,0,0,0,0,0,0,0,2,0,0,0,0.5,0,2.5,1,3,2,1.5,0,0.714285714,1.666666667,0, ,0,0,0, , , ,0,0,1.333333333, ,2.333333333,1.333333333, ,0,0.428571429,2,1
480,2,3,0,0, ,0,0,0,0,1,0,0,0,1,0,0,0,0,0,0,2,0,1,0,3,3,4,3,1,3,3,0,1,2,0,0,0,0,1,1,0,0,2,4,3,3,4,1,2,3,0,0,0,0,0,0,0,0,0,0, , ,0,0,1,0,0,0,0,0,0,1,0,0,2,1, ,0,2,3,3,2,2,1,2,2,0,0,0,0,2,2,0,0,0, ,0,0,0.333333333,3,2.666666667,2,2.5,1,0.666666667,0.428571429,0.333333333,0,0.5,0, ,0, , ,0, , ,2.166666667,2.75,1.666666667,1.333333333,0.333333333,1.333333333,0.571428571,3,3.333333333
481,0,0,0,0,0,0,0,0,0,0,1,1,0,0,0,0,2,2,2,0,0,2,2,0,1,4,3,2,3,4,4,3,0,1,0,0,0,0,0,0,0,3,2,3,2,2,4,3,1,1,0,0,0,0,1,0,1,0,0,1,1,1,0,0,0,0,1,2,2,1,0,0,1,2,2,2,0,0,0,1,3,4,4,0,0,2,0,0,0,0,1,1,0,2,0,0,0,2,1.333333333,2.5,2.666666667,3.666666667,0,0,0,0.571428571,0.666666667,1,0,0.222222222,0.1,0,0.714285714,0.833333333,1.25,1,1,1.5,2.25,2.666666667,2,0,0.666666667,0.571428571,1,2
482,2,3,0,0,0,0,0,1,1,2, , ,0,2,1,1,1,1,2,1,1,0,0,0,4,4,3,3,2,3,4,1,1,0,0,0,0,0,1,2,0,1,4,4,4,4,3,3,2,2,0,0,0,1,1,1,1,0,0, , , ,0,0,2,0,1,1,1,0,1,2, ,1,1,0,1,3,3,4,4,3,4,1,1,1,0,0,0,0,1,1,0,1,0.333333333,0,0.5,1.5,0,4,2.666666667,2.666666667,2.5,1,1,0.285714286,1.333333333, ,1.5,0.444444444, ,0.25,1.285714286, , , ,0.75,2.333333333,3.25,2.666666667,2.666666667,2,0.666666667,0.428571429,2,2.666666667
483,3,4,0,0,0,0,0,0,1,1,0,0,0,4,1,1,0,0,1,4,0,0,0,0,3,2,4,3,2,3,4,0,0,2,0,0,0,0,2,2,0,0,3,3,3,3,3,3,2,3,0,0,0,0,0,0,1,0,0,1,0,0,1,0,2,1,2,1,1,4,4,0,2,0,1,0,0,2,3,4,2,4,4,0,0,2,0,0,0,0,2,2,0,0,0.333333333,0,0.5,0.5,0,2.5,3,2.333333333,3.5,2,1.333333333,0.285714286,1.666666667,0,0.5,0.222222222,0,0.5,2.714285714,0.333333333,1.25,0,0.25,2.333333333,2.875,2.666666667,1.666666667,1.666666667,1.333333333,0.285714286,2,3
484,3,1,0,0,0,1,0,1,1,1, , ,0,2,1,1,1,3,1,1,0,0,0,0,3,3,3,2,3,2,4,1,0,2,0,0,0,0,2,3,0,2,2,3,2,3, ,2,1,3,0,0,0,0,2,0,1,0,0,1, , ,1,2,1,0,1,0,0,4,1,0,1,0,0,0,0,3,0,3,3,1,4, ,0,2,0,0,0,0,2,2,0,1,0.666666667,0,0.5,1,0,3,2.666666667,2.333333333,2,0.5,1.666666667,0.571428571,2, ,1, , ,1,2, ,0.25, ,0,1.833333333, , ,2.166666667,0.333333333,1.333333333,0.428571429,1,2
485,2,1,0,0,0,2,0,0,2,1,0,0,2,4,2,0,0,1,1,1,1,0,0,0,3,2,4,3,2,3,4,2,1,0,0,2,1,2,2,2,0,4, ,3,2,3,2,2,0,2,0,0,0,0,2,0,1,0,0,0,0,0,2,2,2,2,0,0,0,1, ,1,1,2,2,2,2,3,1,3,1,1,4, ,0,0,0,2,2,2,1,2,0,4,1.333333333,0,2,0.5,0,2.5,3,3,1.5,1,2,1.142857143,1.666666667,0,0.5, , ,2,1.714285714,0.333333333,0.25,0,1.5,1.166666667, , ,2.5, ,1.666666667,1.142857143,2,3
486,2,2,0,0,0,1,0,1,1,1, ,0,0,1,0,1,2,2,3,3,4,0,0,0,2,3,2,2,3,1,3,3,0,0,0,0,0,0,1,1,0,2,2,3,2,3,2,3,2,2,0,0,0,0,1, ,1,1,1,1, , ,1,0,0,0,2,3,2,3, ,4,3,0,0,0,0,3,2,1,2,0,3,2,0,0,0,0,0,0,1,1,0,1,0.666666667,0,0,2.5,0,2.5,2.333333333,2.333333333,2,3.5,0.666666667,0.285714286,1.333333333, ,1, , ,0.25, , ,2.25, ,0,1.666666667,2.375,1.666666667, , ,0.666666667,0.142857143,1,1.666666667
487,0,1,2,0,0,3,0,0,1,0, , ,0,3,1,0,0,2,2, ,0,0,0,0,4,3,4,4,2,0,4,0,0,1,0,0,0,0,3,3,1,0, ,4,4,4,3,3,0,4,2,3,0,0,2,0, ,1,0,0, , ,0,0,3,0,0,0,0,1, ,0,1,0,0,0,0,1,1,4,4,3,3,3,0,1,0,0,0,0,2,3,1,0,2,0,0.5,1,0,3.5,3.333333333,1.333333333,0.5, ,2,0.285714286,1.666666667, ,0, , ,0,1.285714286,0.333333333,0.25, ,0,2.666666667, ,3,2.5, ,1.666666667,0.285714286,2,3.333333333
488,3,3,0,0,0,2, ,0,2,2, , ,1,0,0,0,1,2,3, , ,2, ,0,4,3,3,2,3,2,4,3,0,1,0,0,1,0,1,3,0,3,3,2,1,4,3,4,2,4,0,0,0,0,1, ,1,1,0,1, , ,0,0,1,0,0,1,1,1, , ,2,0,1,0,0,2,3,4,3,4,4,1,0,1,0,0,1,1,3,3,0,2,1.333333333, ,0.5,2, ,3.5,2.666666667,3,3, ,1.333333333,0.714285714,0.666666667, ,1,0.444444444, ,0,0.428571429, ,1.25, ,0.375,2,2.875,3,2.166666667, ,2.333333333,0.571428571,1,2
489,3,2,1,0,0,1,0,1,1,2, ,0,3,2,3,3,1,4,1,1,0,0,1,0,4,3,3,1,3,4,4,0,0,2,0,0,0,2,4,4,0,2,3,3,1,3,3,4,1,4,1, ,1,0,1, ,1,1,1,2,0,0,3, ,3,4,2,0, ,2,2, ,0,1,1,1,0,3,3,3,3,4,4,0,1,2,0,0,0,2,4,4,0,3,1,0,3,1,0.333333333,3.5,2.333333333,2.666666667,2.5,0.5,3.333333333,0.571428571,3, ,1.5, , , , , , ,0,0.625,2.333333333,2.75,2.666666667, , ,3.333333333,0.857142857,1,1.666666667
490,4,4,3,1,0,2,0,3,2,4, , ,2,2,2,1,2,1,2,4,1,1,0,0,4,3,4,3,1,1,3,2,0,2,0,0,0,3,1,3,0,3,3,3,3,4,4,4,3,1,3,2,1,0,3,0,2,3,3,4, , ,3,2,2,2,1,2, ,1,4,1,4,1,1,0,0,3,2,4,4,2,3,2,0,2,0,0,0,1,1,3,0,3,2.333333333,0.333333333,2,2,0.333333333,3.5,2.666666667,2,4,2.5,2.333333333,0.714285714,1.333333333, ,3.5,1.888888889, ,2.25, , , , ,0.25,2.833333333,3.125,2.333333333, ,3,1.666666667,0.714285714,3,3.333333333
491,2,2,0,0,0,0,0,1,0,1,0,0,0,0,0,0,1,0,1,0,0,0,0,0,0,0,0,0,0,0,0,0,0,0,0,0,0,0,2,3,0,1,4,4,4,3,4,4,3,4,0,0,0,0,0,0,0,0,0,1,0,0,0,0,1,0,0,0,0,1,0,0,1,0,0,0,0,0,0,1,1,0,0,0,0,0,0,0,0,0,2,4,0,1,0,0,0,1,0,0,0,0,2,0,1.666666667,0.142857143,0,0,1,0, ,0,0.428571429,0.166666667,0.5,0,0,0.666666667,3.75,0,0.5,0,2,0.142857143,4,1.333333333
492,1,2,1,0,0,1,0,0,1,1, , ,2,3,1,3,0,2,2,0,0,1,4,3,4,4,3,2,4,3,3,1,3,2,0,0,0,4,4,4,3,4,2,3,2,2,2,3,0,4,1,0,0,0,1,0,1,0,0,0,0,0,1,1,2,1,1,0,0,1,0,0,2,2,3,3,2,0,0,3,3,3,3,1,2,2,0,0,0,2,3,3,3,4,1,0,1.5,1,2.666666667,4,3,2.333333333,1.5,0,4,1.714285714,2.666666667, ,0.5,0.555555556,0,0.75,1,0.166666667,0.5,0,1.375,2.166666667,2.25,2.333333333,1.5,0,2.666666667,1.571428571,0,1.666666667
493,0,1,0,0,0,1,0,1,0,1, , ,0,0,0,1,1,0,1,0,0,0,2,0,1,2,4,4,3,3, ,1,2,2,0,0,0,1,4,3,0,0,3,4,3,3,3,3,1,3,0,0,1,0,1,0,0,1,1,1, , ,0,0,0,0,1,1,1,0,0,0,2,0,0,2,0,0,1,0,2,2,2,2,2,2,0,0,0,2,3,3,0,1,0.333333333,0,0,1,0.666666667,1.5,3.666666667, ,0.5,0,2.666666667,0.571428571,0.333333333, ,1,0.222222222, ,0,0.142857143, , , ,0.25,0.333333333,2.875,2,0.333333333,0,2.666666667,0.714285714,1,3
494,1,3,1,0,0,2,0,2,1,2, , ,0,0,0,0,1,1,1,1,1,0,2,0,3,1,3,3,2,0,1,0,0,3,0,0,0,1,2,2,0,2,3,3,3,3,3,3,2,3,0,1,0,0,2,0,1,2,2,1, , ,0,0,0,0,0,0,0,0,1,0,0, , , , ,0,1,3,2,0,0,0,0,2,0,0,0,0,2,2,0,2,1.333333333,0,0,1,0.666666667,2,2.666666667,0.333333333,2,1,1.666666667,0.714285714,0.333333333, ,2,0.666666667, ,0, , , , , ,1.5,2.875,0,1.166666667,0.333333333,1.333333333,0.571428571,2,2.666666667
495,2,3,0,0,0,1,0,1,0,0, , ,0,3,0,0,1,1,4,2,0,0,0,0,1,2,1,3,4,0,0,0,0,0,0,0,0,2,2,2,0,1,2,2,3,2,2,1,0,4,0,0,0,0,1,0,1,0,1,1,1,1,0,1,1,0,0,0,0,0,1,1,1,0,0,0,0,3,3,1,1,1,0,0,0,1,0,0,0,1,2,2,0,1,0.333333333,0,0,2.5,0,1.5,2.666666667,0,2.5,1,2,0.142857143,1.333333333, ,0.5,0.444444444,0.1,0.25, ,0.5,0.25,1,0,1,2,0.333333333,1.833333333,1,1.666666667,0.285714286,0,1.333333333
496,1,1,0,0,0,0,0,0,0,0,0,0,0,0,0,0,0,1,0,1,0,0,1,1,1,2,3,3,1,0,0,0,0,1,0,0,0,0,2,1,0,1,3,3,4,3,3,3,3,2,0,0,0,0,0,0,0,0,0,1,0,0,0,0,1,0,0,0,0,1,1,0,2,0,0,0,0,1,1,1,2,0,0,0,0,1,0,0,0,0,2,1,0,0,0,0,0,0,0.666666667,1.5,2.333333333,0,1,0.5,1,0.285714286,0.333333333,0,0,0,0,0,0.428571429,0.166666667,0.75,0,0,1,3,0,1.5,0.333333333,1,0.142857143,3,3
497,3,3,0,0,0,0,0,0,0,1, , ,0,0,0,0,0,0,0, , ,0,0,0,4,4,3,3,2,0,0,0,0,0,0,0,0,0,3,1,0,0,4,3,3,4,2,2,2,2,0,0,0,0,0,0,0,0,0,1, , ,0, ,0,0,0,0,0,0, , ,0,0,0,0,0,3,3,4,4,0,0,0,0,0,0,0,0,0,3,1,0,0,0,0,0,0,0,4,2.666666667,0,3, ,1.333333333,0,0, ,0.5,0, , ,0.142857143, , , ,0, ,2.75,0,2.666666667, ,1.333333333,0,2,2.666666667
498,4,4,0,0,0,1,0,0,0,0,0,0,0,1,0,0,0,1,0,3,2,0,0,0,1,2,3,3,4,1,1,4,1,4,0,0,0,0,3,3,0,0,0,3,3,2,2,4,0,3,0,0,0,0,1,0,1,0,0,0,0,0,0,0,2,0,0,0,0,1,3,3,1,0,0,0,0,4,4,1,2,0,0,4,1,3,0,0,0,0,3,3,0,0,0.333333333,0,0,0,0,1.5,3.333333333,2,4,2.5,2,0.714285714,0.666666667,0,0,0.222222222,0,0,0.857142857,0,0.25,0,0,0.5,2.125,1.333333333, ,2,2,0.571428571,0,2
499,2,2,1,0,0,3,0,2,2,2,0,0,1,2,2,1,2,3,2,4,3,2,1,0,3,3,4,3,1,4,4,2,0,2,0,0,0,2,3,2,0,3,4,4,4,4,4,4,2,4,1,1,1,0,3,0,3,3,3,1,0,0,1,1,2,2,2,2,2,1,3,2,4,0,0,0,0,1,1,4,4,4,4,0,0,1,0,0,0,0,1,1,0,2,2,0,1.5,2,1,3,2.666666667,3.333333333,2,3.5,2.333333333,0.714285714,2,0,2,1.666666667,0.6,1.5,1.142857143,2,2.5,0,0,2,3.75,2.666666667,2.166666667,2,0.666666667,0.428571429,3,3.333333333
500,0,1,1,1,0,1,0,1,1,1,2,1,0,1,1,0,1,1,1, , ,0,0,0,3,3, , ,1,2,2,2,0,0,2,2,1,0,2,2,0,3,2,0,0,2,2,1,2,1,1,0,2,0,1,1,1,1,1,1,1,1,0,0,2,0,0,0,0,2, , ,1,1,2,2,1,0,2,4,4,2,2,2,0,1,2,2,1,0,2,3,0,2,1,0.333333333,0.5,1,0,3, ,2,0.5, ,1.333333333,1.142857143,0.666666667,1.5,1,0.777777778, ,0,1,1.333333333,0.5,1,0.875,3.666666667,1.25,2,2.833333333, ,1.666666667,1.142857143,3, 
501,2,2, ,1,0,1,0,2,0,3, , ,0,4,0,1,1,3,4,2,0,0,0,0,2,2,3,4,2,1,3,0,0,0,0,0,0,0,1,2, ,1,4,4,3,4,4,4,2,4,0,0,0,0,1,0,0,0,1,3,0,0,0,0,2,0,1,1,1,2, ,0,4,0,0,0,0,2,2,3,3,2,2,0,0,0,0,0,0,0,1,2,0,0, ,0.333333333,0,2.5,0,2,3,1.333333333,2,1,1, ,2.666666667, ,2.5,0.111111111,0,0.25,1.285714286,1.166666667,2,0,0.125,1.666666667,3.625,1.333333333,2.166666667, ,1,0,2,3
502,2,2,1,1,0,2,0,1,2,1, , ,1,2,2,1,1,2,1,2,0,0,0,0,3,3,4,3,1,2, ,0,1,1,0,0,0,1,2,3,0,3,4,4,3,3,3,3,1,0,1,0,0,0,2,0,1,1,1,1, , ,2, ,2,2,1,1,0,2,3,0,2,0,0,0,0,1,1,4,4,2,1,0,0,1,0,0,0,0,1,2,0,2,1.666666667,0.333333333,1.5,1,0,3,2.666666667, ,2,1,2,0.714285714,1.666666667, ,1,0.555555556, , ,1.714285714, ,1, ,0,2.166666667,2.625,1,1.5,1,1,0.428571429,3,3.333333333
503,2,1,0,0,0,0,0,1,0,2, ,0,0,1,0,0,0,0,2, ,0,0,1,0,1,1,4,3,1,0,0,0,0,1,0,0,0,0,1,2,0,0,4,3,3,3,3,3,1,4,0,0,0,0,0,0,0,2,1,3,1,1,0,0,0,0,0,2,1,0,1,0,3,0,0,0,0,1,0,1,2,0,0,0,0,0,0,0,0,0,0,1,0,0,0,0,0,1,0.333333333,1,2.666666667,0,1.5, ,1,0.142857143,0.333333333, ,1.5,0,0,0,0.428571429,1,1.5,1,0,0.666666667,3,0,0.5,0.333333333,0.333333333,0,3,3.333333333
504,4,4, ,0,0,1,0,1,2,1,0,1,0,0,0,1,0,0,1,4,4,1,1,0,3,3,4,3,3,4,4,1,2,0,0,0,0,0,3, ,0,3,3,4,2,3,0,3,0,3,0,0,0,0,1,0,1,0,0,1,0,1,0,0,1,0,2,0,0,0,4,4,1,0,2,0,1,4,4,4,2,4,4,1,3,1,0,0,0,0,4,3,1,4, ,0,0,0.5,0.666666667,3,3.333333333,3,4,4, ,0.714285714,0.333333333,0.5,1,0.333333333,0,0,0.571428571,0.333333333,0.25,0.5,0.375,2.166666667,2.25,3,3.333333333,3,2.333333333,1.285714286,1,2.666666667
505,3,1,0,0,0,2,0,3,0,4,0,0,2,2,2,2,2,3,2,0,0,0,0,0,2,2,3,3,2,3,4,0,0,0,0,0,0,0,0,1,0,0,2,1,3,3,3,3,0,2,0,0,0,0,0,0,1,3,3,2,0,0,1,2,4,2,1,1,1,3, ,1,1,0,0,0,0,3,2,4,2,1,4,0,0,2,0,0,0,1,2,1,0,0,0.666666667,0,2,2,0,2,2.666666667,2.333333333,2,0,0.333333333,0,2.333333333,0,3.5,0.111111111,0.1,1.5,2,1.666666667,1,0,0.125,2.333333333,2.125,1.666666667,1.666666667, ,1.333333333,0.285714286,2,2.666666667
506,1,2,1,0,0,0,0,1,0,2, , ,1,0,1,2,1,3,1,0,0,0,0,0,2,2,3,3,2,0,4,2,0,1,0,0,0,1,2,1,0,0,2,3,3,3,3,2,2,3,0,0,0,0,0,0,1,0,0,1, , ,1,0,0,0,1,0,0,2, ,1,1,1,1,0,1,1,2,2,2,1,3,2,0,1,0,0,0,2,2,2,0,1,0.333333333,0,1,1,0,2,2.666666667,2,1.5,0,1.333333333,0.142857143,1.666666667, ,1.5,0.111111111, ,0.5,0.428571429, ,0.25, ,0.375, ,2.625,2,1.833333333, ,2,0.285714286,2,2.666666667
507,4,4,1,0,1,0,0,1,0,1,2,1,0,1,1,0,0,2,2,0,0,1,0,0,3,3,2,1,2,3,4,3,0,3,0,0,0,1,2,3,0,3,0,2,2,4,1, ,2,2,0,0,1,1, ,1, , , ,1,2,1,0,0,1,0, ,0,0,0,1,0,4,2,2,2,2,4,4,4,3,4,4,3,1,3,0,0,0,2,2,3, ,3,0.333333333,0.333333333,0.5,1,0.333333333,3,1.666666667,3.333333333,4,0,2,0.857142857,1,1.5,1, , ,0, , , ,1.5, ,3.166666667, ,3.666666667,3.333333333,0.333333333,2.333333333, ,2,1.666666667
508,2,3,2,0,0,2,0,2,2,2,2,1,2,3,1,0,2,1,2,3,0,0,0,0,2,3,2,2,1,1,2,1,0,0,1,0,0,0,2,1,0,3,3,0,2,3,3,1,2,0,2,1,0,0,2,0,2,2,2,2,0,0,0,0,2,0,0,0,0,1,3,0,1,0,1,0,0,2,2,2,3,1,1,0,2,0,0,2,2,1,2,1,0,3,2,0,1.5,2,0,2.5,1.666666667,1.333333333,2.5,1.5,1,0.571428571,1.333333333,1.5,2,1.333333333,0.3,0,1.285714286,1.833333333,0.5,0,0.125,2.333333333,1.75,0.666666667,2.333333333,1,1.333333333,1.285714286,3,2.333333333
509,3,1,0,0,0,0,0,0,0,0, , ,1,4,1,0,1,1,2, ,0,0,0,0,1,3,3,3,1,0,0,1,0,0,0,3,3,0,1,0,0,1,3,3,3,3,4,2,3, ,0,0,0,0,0,0,0,0,0,0, , ,1,1,4,1,0,1,1,0, ,0,1,0,0,0,1,3,2,2,2,0,0,2,2,0,0,2,2,0,1,1,0,0,0,0,1,1.5,0,2,2.333333333,0.333333333,2, ,0.333333333,1,1.666666667, ,0,0, ,1,0.857142857, ,1, ,0.25,1.666666667, ,0.666666667, , ,0.666666667,0.857142857,3,3
510,3,3,1,0,0,1,0,0,0,3, , ,0,0,1,0,0,1,0,3,3,0,0,1,3,3,3,3,2,1,4,1,1,2,0,0,0,1,2,2,0,0,3,3,1,3,3,2,2,1,1,0,0,0,2,0,1,0,0,4,0,0,0,0,1,0,0,0,0,0,1,1,0,1,2,0,2,3,3,3,2,1,4,1,1,3,0,0,0,0,1,1,0,0,0.666666667,0,0.5,0,0.333333333,3,2.666666667,2,3,3,1.666666667,0.428571429,0.333333333, ,1.5,0.444444444,0.2,0,0.428571429,1,0,0,0.625,2.5,2.25,2,2.333333333,0.666666667,0.666666667,0.571428571,2,2.666666667
511,2,0,0,0,0,0,0,1,0,1,1,1,0,0,0,0,0,0,0,0,0,0,0,0,4,4,3,3,2,2,2,1,0,3,0,0,0,0,2,1,0,0,3,3,3,4,4,4,2,3,0,0,0,0,0,0,0,1,1,1,1,1,0,0,0,0,0,0,0,0,0,0,0,0,0,0,0,2,2,4,3,1,1,0,0,1,0,0,0,0,2,1,0,0,0,0,0,0,0,4,2.666666667,1.666666667,1,0,1,0.428571429,0,1,1,0,0,0,0,0.5,0,1,0,2.666666667,3.25,0.666666667,2.166666667,0,1,0.142857143,2,2.666666667
512,4,4,0,0,0,0,0,0,1,0,0,2,0,1,0,0,0,2,0, , ,1,4,1,3,3,4,2,4,2,4,2,2,4,0,0,0,0,4,4,0,2,2,3,2,1,0,4,0,4,0,0,0,0,3,0,3,0,0,0,0,1,0,0,2,0,0,0,0,1,4,1,1,0,4,4,1,4,4,4,4,0,4,3,0,4,0,0,0,0,4,3,0,4,0.333333333,0,0,0,2,3,3.333333333,2.666666667,4, ,2.666666667,1.142857143,1,1,0,0.888888889,0.6,0.25,0.714285714,1,0.5,0.5,1.5,2.666666667,2,2.333333333,3.5,1.666666667,2.333333333,1.142857143,0,2
513,2,2,0,0,0,0,0,0,0,1, ,0,0,1,0,1,0,3,1,0,0,1,2,0,3,2,3,3,2,3,3,0,1,1,0,0,0,0,2,1,3,1,3,3,3,3,3,4,1,3,0,0,0,0,0,0,0,0,0,0, , ,0,0,2,0,1,0,0,1,0,0,1, , ,3,1,2,3,2,2,2,2,0,1,2,0,0,0,0,2,2,2,2,0,0,0,0.5,1,2.5,2.666666667,2,2,0,1,0.857142857,1.666666667, ,0.5,0, ,0, , , , , ,1.333333333,2.875,1.333333333, ,0,1.333333333,1,2,2.666666667
514,2,2,0,0,0,1,0,0,1,1,0,0,0,1,0,0,0,0,1,1,0,0,0,0,3,3,3,3,2,2,2,0,1,0,0,2,2,0,2,0,0,1,3,3,3,4,2,3,3,1,0,0,0,0,0,0,0,0,0,0,0,0,1,0,1,0,0,0,0,0,1,0,0,0,0,0,0,2,2,2,3,2,2,2,1,0,0,0,0,0,2,1,0,1,0.666666667,0,0,0.5,0,3,2.666666667,1.333333333,2,0.5,0.666666667,0.857142857,0.333333333,0,0.5,0,0,0.25,0.142857143,0,0,0,0, ,2.75,2,2,0.333333333,1,0.285714286,2,2.666666667
515,1,1,2,0,0,2,0,1,2,1,0,0,0,0,0,0,0,1,0,0,0,0,2,0,2,1,3,3,2,4,4,1,0,2,0,0,0,0,2,2,0,2,3,3,2,4,1,2,0,2,2,0,0,0,1,0,2,1,1,1,0,0,0,0,0,0,0,0,0,0,0,0,0,0,2,1,1,1,1,2,1,4,4,4,0,2,0,0,0,0,1,2,0,2,2,0,0,0,0.666666667,1.5,2.666666667,3,1,0,1.333333333,0.571428571,0.333333333,0,1,1,0.2,0,0,0.833333333,0,0,0.75,1.5,2.125,4,2,0,1,0.571428571,2,2.666666667
516,2,2,2,0,0,1,0,2, ,3, , ,0,1,1,0,1,0, ,1,1,0,0,0,2,2,0,4,2,3,3,1,1,0,0,0,0,0,2,2,0,2,2,0,3,4,3,2,0,3,0,0,0,0,1, ,1,1,0,2, , ,0,0,1,0,0,0,0,0,2,0, ,0,1,0,0,1,1,2,2,4,4,2,1,1,0,0,0,0,3,3,0,2, ,0,0.5, ,0,2,2,2.333333333,2,1,1.333333333,0.428571429,0.333333333, ,2.5,0.555555556, ,0,0.285714286, , , ,0.125, ,2.125,3.333333333,1.333333333,0.666666667,2,0.571428571,2,2
517,0,0,0,1,0,1,0,0,0,0,0,0,0,0,1,0,0,0,0,0,0,2,2,1,3,2,4,3,2,0,1,1,0,0,0,0,0,0,1,2,0,1,3,4,4,4,4,1,2,3,0,0,1,0,1,0,1,0,0,0,0,0,0,1,0,1,0,0,0,0,0,0,0,2,2,2,1,0,0,3,2,0,0,1,0,0,0,0,0,0,2,2,0,1,0.333333333,0.333333333,0.5,0,1.666666667,2.5,3,0.666666667,0,0,1,0.142857143,0,0,0,0.333333333,0.1,0.5,0,0,0,0,0.875,1.833333333,3.125,0.333333333,1.5,0,1.333333333,0.142857143,2,3
518,1,1,1,0,0,1,0,1,1,2, , ,0,0,0,0,1,0,1,2,0,0,0,0,3,3,3,4,1,1,3,0,0,1,0,0,0,0,2,3,0,2,3,4,4,4,4,4,2,4,0,0,0,0,2,0,1,2,2,3, , ,0,0,0,0,0,0,0,1, ,0,1,0,0,1,0,0,0,3,3,1,1, ,0,0,0,0,0,0,4,3,0,1,1,0,0,1,0,3,2.666666667,1.333333333,1,1,1.666666667,0.428571429,0, ,1.5,0.333333333, ,0,0.428571429, ,0.25, ,0.125,1.666666667,3.625, ,2, ,2.333333333,0.142857143,3,3.333333333
519,4,3,0,0,0,0,0,1,1,0,0,0,0,1,0,2,0,1,0,4,0,0,0,0,4,4,3,3,2,0,1,0,0,3,0,0,0,1,2,2,0,1,4,3,3,4,4,3,1,4,0,0,0,0,0,0,1, ,0, ,0,0,0,0,4,0,2,0,0,0,4,0, ,0,0,0,0,2,2,4,3,0,2, ,1,1,0,0,0,0,4,3,1,0,0.333333333,0,0,0,0,4,2.666666667,0.333333333,3.5,2,1.666666667,0.571428571,1.333333333,0,0.5,0.222222222,0.1,0,1.428571429, , ,0,0,3.5,3.25, ,1.333333333,1.333333333,2.333333333,0.428571429,2,2.666666667
520,2,2,0,0,0,0,0,1,0,1, , ,0,4,0,1,0,1,2,0,0,0,2,0,3,2,3,3,4,4,4,4,1,0,0,0,0,1,4,4,1,3,1,3,3,3,4,3,1,4,0,0,0,0,0,0,0,0,0,1,0,0,1,0,3,1,1,2,1,1, ,0,2,0,2,2,0,1,1,3,3,3,4,3,2,0,0,0,0,0,4,4,2,3,0,0,0,1,0.666666667,2.5,3.333333333,4,2,0,3,0.714285714,2, ,1,0,0,0.75,1.571428571,0.166666667,1.5,0,0.5,1.666666667,2.75,3.333333333,1.333333333, ,2.666666667,1,0,2
521,3,2,0,0,0,0,0,0,0,1,0,1,0,2,0,1,0,2,1,0,0,0,0,0,2,3,4,3,3,0,1,1,2,3,0,0,0,0,3, ,0,2,3,4,3,3,3,3,1,3,0,0,0,0,0,0,0,0,0,0,0,0,0,0,0,0,0,0,0,1,0,0,0,0,0,0,0,4,1,1,3,0,1,1,1,3,0,0,0,0,2,3,0,2,0,0,0,0.5,0,2.5,3.333333333,0.666666667,2.5,0, ,1,1.666666667,0.5,0.5,0,0,0,0.571428571,0,0,0,0,2.166666667,2.875,0.666666667,2.5,0,1.666666667,0.857142857,1,2.666666667
522,3,3,1,0,0,2,0,1,1,2, , ,1,2,1,0,2,2,3,1,1,0,1,0,2,1,3,3,2,1,3,0,0,1,0,0,0,0,1,1,1,0,3,4,3,3,2,3,3,3,1,1,1,0,3,0,2,2,2,4,0,0,0,0,3,0,0,0,0,1,0,0,1,0,0,0,0,3,4,1,1,2,4,0,0,1,0,0,0,1,0,1,1,0,1.333333333,0,1,2.5,0.333333333,1.5,2.666666667,1.333333333,3,1,0.666666667,0.285714286,1.333333333, ,1.5,1.333333333,0.2,0,1.142857143,1.833333333,0.5,0,0,1,3,2,2.833333333,0,0.666666667,0.285714286,2,2.666666667
523,0,0,0,0,0,0,0,1,1,1, , ,0,0,0,1,1,0,1,0,0, ,0,0,1,2,4,3,2,1,3,0,0,0,0,0,0,0,0,0,0,0,3,4,3,3,3,3,2,3,0,0,0,0,0,0,1,0,0,1, , ,0,0,0,0,0,1,0,0, ,0,1,0,0,0,0,0,0,1,2,1,3,0,0,0,0,0,0,0,1,1,0,0,0.333333333,0,0,1, ,1.5,3,1.333333333,0,0,0,0,0.333333333, ,1,0.111111111, ,0,0, ,0.5, ,0,0.666666667,3,1.333333333,0.833333333, ,0.666666667,0,2,3
524,4,4,1,0,0,2,0,2,1,1,0,0,1,0,1,0,0,0,1,0,0,0, ,2,4,4,3,1,2,3,2,0,1,3,0,0,0,1,1,1,0,0,4,3,1,3,3,3,1,4,1,0,0,0,1,0,1,0,0,1,0,0,1,0,1,2,0,1,0,0,1,0,1,0,0,0,2,3,3,4,3,2,1,1,1,4,0,0,0,0,2,1,0,1,1.333333333,0,1,0.5, ,4,2,1.666666667,4,0,1,0.571428571,0,0,1.5,0.666666667,0.1,1,0.428571429, , ,0,0.25,1.833333333,2.75,1.333333333,3.166666667,0.333333333,1,0.857142857,2,2
525,2,3,0,0,0,1,0,0,0,0,0,0,0,0,0,0,0,0,0,0,0,0,0,0,4,4,4,4,1,2,2,0,0,0,0,0,0,0,1,1,0,0,4,4,4,4,2,2,3,2,0,0,0,0,0,0,0,0,0,0,0,0,0,0,0,0,0,0,0,0,0,0,0,0,0,0,0,1,1,4,4,2,3,0,0,0,0,0,0,0,1,1,0,0,0.333333333,0,0,0,0,4,3,1.333333333,2.5,0,0.666666667,0,0,0,0,0,0,0,0,0,0,0,0,3,3.125,1.666666667,1,0,0.666666667,0,3,3.666666667
526,2,0,0,0,0,0,0,0,0,0, , ,0,0,0,0,0,0,0,4,1,0,0,0,3,3,3,3,2,2,4,0,0,0,0,0,0,0,2,2,0,2,4,3,3,4,4,3,2,4,0,0,0,0,1,0,0,0,0,0,0,0,2,2,0,2,0,0,0,0,4,1,0,0,0,0,0,3,0,1,2,1,3,0,0,0,0,0,0,0,2,2,0,2,0,0,0,0,0,3,2.666666667,2,1,2.5,1.333333333,0.285714286,0, ,0,0.222222222,0.2,1.75,0.571428571,0,0,0,0,1.166666667,3.375,1.333333333,2.166666667,1.666666667,1.333333333,0.285714286,2,2.666666667
527,4,4,2,1,0,2,0,1,1,2, , ,1,2,1,0,1,1,2,1,0,0,0,0,3,3,3,2,2,1,3,1,1,2,1,0,0,1,3,3,1,3,2,3,2,3,1,3,1,3,1,0,0,0,2,0,2,1,1,2, , ,1,1,2,1,0,1,1,1,1,1,1,1,0,1,0,4,4,2,2,1,3,2,1,3,0,0,0,1,3,4,0,3,1.666666667,0.333333333,1,1.5,0,3,2.333333333,1.666666667,4,0.5,2.333333333,1.142857143,1, ,1.5,1.111111111, ,0.75,1.714285714, ,0.75, ,0.25,2.166666667,2.25,2,3.166666667,1,2.666666667,1,2,2.333333333
528,3,0,1,0,0,3,0,1,3,1,2,1,2,3,1,1,1,2,1,4,2,1,1,0,2,2,3,2,2,2,4,2,1,1,0,0,0,0,2,2,0,3,3,3,2,3,3,3,1,1,0,0,0,0,3,0,3,0,0,1,0,0,1,0,1,1,1,1,0,1,2,0,1,1,1,1,0,3,0,2,2,1,4,2,1,2,0,0,0,0,2,1,1,2,2.333333333,0,1.5,1,0.666666667,2,2.333333333,2.666666667,1.5,3,1.333333333,0.714285714,2,1.5,1,1.222222222,0.1,0.5,1.142857143,0.5,0.5,0,0.375,1.666666667,2.375,2.333333333,2.166666667,1,1,0.857142857,2,2.333333333
529,2,2,0,0,0,1,0,1,1,2, , ,0,0,0,2,1,0,2,2,2,0,0,0,2,2,3,3,2,1, ,1,0,2,0,0,0,0,1,1,0,0,3,3,3,3,0,2,2,4,0,0,0,0,1,0,1,1,1,3, , ,0,0,0,0,2,0,2,0,1,0,4,0,0,0,0,2,2,2,2,1,4,1,0,1,0,0,0,0,2,2,0,1,0.666666667,0,0,1.5,0,2,2.666666667, ,2,2,0.666666667,0.285714286,0.666666667, ,1.5,0.444444444, ,0.25,0.285714286, ,1.75, ,0,1.666666667,2.5,2,2,0.333333333,1.333333333,0.285714286,2,2.666666667
530,3,2,0,0,0,1,0,0,1,2,1,1,1,0,1,2,1,1,2,4,1,1, ,0,2,3,3,2,3,3,4,3,2,2,0,0,0,1,3,3,0,1,3,4,3,3,2,3,2,4,1,0,0,0,1,0,1,1,0,1,0,1,1,1,1,0,1,1,0,0,2,2,1,0,0,0,0,2,2,2,3,4,4,3,3,2,0,0,0,1,3,4,0,1,0.666666667,0,1,1.5, ,2.5,2.666666667,3.333333333,2.5,2.5,2.333333333,0.714285714,1,1,1,0.777777778,0.2,0.75,0.714285714,0.666666667,0.75,0.5,0,2.333333333,3,3.666666667,2,1.666666667,2.666666667,0.857142857,1,2
531,2,2,0,0,0,0,0,0,0,1,0,0,0,0,0,0,1,1,1,1,0,0,1,0,1,1,3,3,1,1,3,0,1,2,0,0,0,0,1,1,0,0,3,3,3,3,4,3,3,3,0,0,0,0,0,0,0,0,0,2,0,1,0,0,1,0,0,1,0,0,1,0,1,1,1,0,0,3,3,1,1,2,3,0,1,2,0,0,0,0,1,1,0,0,0,0,0,1,0.333333333,1,2.333333333,1.333333333,2,0.5,0.666666667,0.428571429,0.333333333,0,0.5,0,0,0,0.428571429,0.666666667,0.75,0.5,0.375,1.333333333,3.125,1.666666667,2.666666667,0.333333333,0.666666667,0.428571429,3,3
532,3,2,0,0,0,0,0,0,0,0,1,1,0,1,0,1,0,0,1,0,0,0,0,0,2,2,2,1,3,3,3,0,0,2,0,0,0,2,3, ,0,1, ,2,1,2,2, ,1,0,0, ,1,1,0,1,0,0,0,0,1,1,0,0,1,0,1,0,0,0,0,0,1,1,0,1,0,2,2,2,2,2,2,0,0,2,0,0,0,1,4,4,0,2,0,0,0,0.5,0,2,2,2,2.5,0, ,0.428571429,0.666666667,1,0, , ,0,0.714285714,0.166666667,0.25,1,0.25,1.5, ,1.333333333,1.666666667,0,3,0.571428571,1,1.333333333
533,2,2,0,0,0,1,0,2,1,2,0,0,1,1,1,2,3,1,3,0,0,1,3,0,4,4,2,2,3,2,2,1,1,2,1,1,1,0,3,3,0,1,3,2,2,4,3,3,2,4,0,0,0,0,1,0,1,2,2,2,0,0,1,1,2,1,1,2,1,1,0,0,3,2,2,2,0,2,2,4,4,3,3,1,1,2,2,0,0,0,3,3,0,3,0.666666667,0,1,3,1.333333333,4,2.333333333,1.666666667,2,0,2,1,1.333333333,0,2,0.333333333,0.1,1,0.714285714,1.166666667,1.75,0,1.125,2.833333333,2.875,2.333333333,1.833333333,0,2,1.142857143,1,1.666666667
534,2,2,1,0,0,2,0,1,2,1, , ,1,0,1,0,0,1,1,0,0,0,0,0,2,1,3,3,2,0,4,0,0,0,0,0,0,0,1,2,0,0,3,3,3,3,3,3,3,3,0,0,0,0,2,0,2,1,1,2, , ,0,0,0,0,0,0,0,1,0,0,0,0,0,0,0,1,1,2,1,0,4,0,0,0,0,0,0,0,0,0,0,1,1.666666667,0,1,0.5,0,1.5,2.666666667,1.333333333,2,0,1,0,0.333333333, ,1,0.777777778, ,0,0.142857143, , , ,0, ,3,1.333333333,1.333333333,0,0,0.142857143,2,2.666666667
535,3,2,0,1,0,2,0,1,1,1, , ,0,2,0,1,0,0,1,0,0,1,1,0,2,2,3,3,4,2,2,1,1,2,0,0,0,1,4,3,2,2,2,3,3,2,3,3,0,4,0,0,1,0,0,0,1,0,0,0, , ,0,0,2,0,1,0,0,0,0,0,0,1,2,0,0,3,3,2,2,2,2,0,1,1,0,0,0,1,4,3,2,1,1,0.333333333,0,0.5,0.666666667,2,3.333333333,1.666666667,2.5,0,2.666666667,1,1, ,1,0.333333333, ,0,0.714285714, , , ,0.375, ,2.5,1.333333333,2.5,0,2.666666667,0.714285714,0,2
